,CO_PPM,humidity,temperature,timestamp
-MvcSM8n2zjpCYWQLTvU,3.8433200000000003,39.0,21.8,1644577516.0
-MvcSOF8lv_CtymC_qTC,3.97888,38.0,21.8,1644577525.0
-MvcSQgOdqNMFrPJT2OJ,3.97888,38.0,21.8,1644577535.0
-MvcST7f63qislrlRoK9,3.95595,38.0,21.8,1644577545.0
-MvcSV_-QmoXbj5VEpyY,4.00194,38.0,21.9,1644577555.0
-MvcSY074w-Q0i59bGp4,4.02513,38.0,21.9,1644577565.0
-MvcS_SULjz7D3kBRuoX,4.06409,38.0,21.9,1644577575.0
-MvcSbwjsvk9ybCDct7H,3.89547,38.0,21.8,1644577586.0
-MvcSeKwG2lZYGUdoPcM,4.03289,38.0,21.9,1644577596.0
-MvcSgmGY6-KXVX0A6Ka,3.9865500000000003,38.0,21.9,1644577606.0
-MvcSjDX7VNJ-ajmXWmL,3.97122,38.0,21.9,1644577616.0
-MvcSleeWbJDM2Rzt9xn,4.07978,38.0,21.9,1644577626.0
-MvcSo5zajU76iP5pFWf,4.11134,38.0,21.9,1644577636.0
-MvcSqdX66ZFDgqAWGJE,4.04067,38.0,21.9,1644577646.0
-MvcSsz_7dH5zvpg1ItM,4.06409,38.0,21.9,1644577656.0
-MvcSvQkJlLSYXDxOEhW,4.02513,38.0,21.9,1644577666.0
-MvcSxs54DQ7olRejKn_,4.11134,38.0,21.9,1644577676.0
-MvcT-JEzASWN54AKF8V,4.13518,38.0,21.9,1644577686.0
-MvcT1kWdROXPiel40Tp,4.16718,38.0,21.9,1644577696.0
-MvcT4UkjqpX_uDAmnY9,3.97122,38.0,21.9,1644577706.0
-MvcT6d22c8n2JRS7dJL,4.17522,38.0,21.8,1644577715.0
-MvcT94NHq5Jp_rOdz2F,4.20753,38.0,21.9,1644577725.0
-MvcTBWiHgiwiY955CVl,4.21565,38.0,21.9,1644577735.0
-MvcTDxpqBALtODYTDD6,4.05627,38.0,21.9,1644577745.0
-MvcTGP6bs5jRp3E-gjE,4.12722,38.0,21.9,1644577755.0
-MvcTIqOfgI-b8rrs1wR,4.23193,38.0,21.9,1644577765.0
-MvcTLNEfeecB_fgJJHN,4.07978,38.0,21.9,1644577776.0
-MvcTNj149uzH6dk_Mou,4.28116,38.0,21.9,1644577786.0
-MvcTQAGdUOgU-QcrQkV,4.2401,38.0,21.9,1644577796.0
-MvcTSbMw070yW1H4H2J,4.19134,38.0,21.9,1644577806.0
-MvcTV2jlUq7vRbd-h_d,4.28116,38.0,21.9,1644577816.0
-MvcTXV0iHJQyQXzaFvt,4.33097,38.0,21.9,1644577826.0
-MvcTZzvoz18VkB6x1eI,4.15115,38.0,21.9,1644577836.0
-MvcTbNS2EaswgnpTu-c,4.38137,38.0,21.9,1644577846.0
-MvcTdojF53NduI3Ooxy,4.37293,38.0,21.9,1644577856.0
-MvcTgFx0mM2Dj-8BBWz,4.25648,38.0,21.9,1644577866.0
-MvcTihF1NT2TxbvrTx-,4.4153,38.0,21.9,1644577876.0
-MvcTl8d2lHqeB5xId5N,4.42382,38.0,21.9,1644577886.0
-MvcTnvoyUpxfykM_otO,4.26469,38.0,21.9,1644577896.0
-MvcTq13RKWh6tftaK_h,4.4153,38.0,21.9,1644577906.0
-MvcTsTOWi7HmjwpuIoS,4.4153,38.0,21.9,1644577916.0
-MvcTuum1EX-_BDV9fdT,4.3143,38.0,21.9,1644577926.0
-MvcTxLraopag5XzMR5w,4.4153,38.0,21.9,1644577936.0
-MvcTzn6KRjWDeVzdjWf,4.4153,38.0,21.9,1644577946.0
-MvcU1JvsRGp9wNCbE46,4.3143,38.0,21.9,1644577956.0
-MvcU3fbyceIq61iZZaG,4.42382,38.0,21.9,1644577966.0
-MvcU66tLzBFfuWm3D5D,4.43236,38.0,21.9,1644577976.0
-MvcU8ZBHVDdr5BNnixN,4.34771,38.0,21.9,1644577986.0
-MvcUB-Rm8ZY8nGMfKkX,4.46669,38.0,21.9,1644577996.0
-MvcUDRexKRiGeJpUVlo,3.97122,38.0,21.9,1644578006.0
-MvcUFwoW9Wp4AzUOAKX,3.8138300000000003,38.0,21.9,1644578016.0
-MvcUIKDh32UkWTvTYRP,3.20124,39.0,21.9,1644578026.0
-MvcUKlT0Dm98LNwmcwE,3.77729,39.0,22.0,1644578036.0
-MvcUNCl2-K_9OyYKkA4,3.79917,41.0,22.1,1644578046.0
-MvcUPe0pkwuqfuqfUZw,3.26969,42.0,22.1,1644578056.0
-MvcUS5FIj2glYkZoC_P,4.62454,42.0,22.1,1644578066.0
-MvcUUsKDZCtEbq-hWkz,3.05685,41.0,22.2,1644578076.0
-MvcUWypog97vraxKZhn,3.46393,40.0,22.1,1644578086.0
-MvcUZQ1s85skFyeuvdd,3.66273,40.0,22.1,1644578096.0
-MvcUarGjFTZJKZdXZJp,3.57911,39.0,22.1,1644578106.0
-MvcUdIYDJ7xueG6L427,3.82855,39.0,22.1,1644578116.0
-MvcUfjpVxXAlccCXfQv,3.88798,39.0,22.1,1644578126.0
-MvcUiGVdq6w3Z_uz2V8,3.77003,39.0,22.1,1644578136.0
-MvcUkcKE64YefcdxXOM,3.97122,39.0,22.0,1644578145.0
-MvcUn3bPi7H8g_BUZ3w,3.9635800000000003,39.0,22.0,1644578155.0
-MvcUpVoUAWApJGQRcEo,3.87303,39.0,22.0,1644578165.0
-MvcUrxAi9WWtLTayDaB,4.04067,38.0,22.0,1644578175.0
-MvcUuOYOMUobclCWUxM,3.99424,38.0,22.0,1644578185.0
-MvcUwpn8Bik4THRNDFf,4.03289,38.0,22.0,1644578195.0
-MvcUzMzbMd1lFGg7JfN,4.01738,38.0,22.0,1644578206.0
-MvcV0iBbPwkTAIgylQp,4.12722,38.0,22.0,1644578216.0
-MvcV39RsNvrQ4tNOjXr,3.91804,38.0,22.0,1644578226.0
-MvcV5aitgxhyu8ZjT9k,4.17522,38.0,22.0,1644578236.0
-MvcV81xnUlV4WrF3Sb-,4.23193,38.0,22.0,1644578246.0
-MvcVAUEufP3kJClPpv_,4.23193,38.0,22.0,1644578256.0
-MvcVDEL10Ih0zClclCo,4.13518,38.0,22.0,1644578266.0
-MvcVFMrHjKOio2a2X9Z,4.23193,38.0,22.0,1644578275.0
-MvcVHo0AGcg55R8UGsr,4.10343,38.0,22.0,1644578285.0
-MvcVKFJXALiac57lQ4x,4.28942,38.0,21.9,1644578295.0
-MvcVMgXdFcj69QPeX_E,4.2401,38.0,22.0,1644578305.0
-MvcVP7nfDwq6cdRanT-,4.17522,38.0,21.9,1644578315.0
-MvcVR_69DN6OFYbnyQQ,4.2977,38.0,21.9,1644578325.0
-MvcVU5H7-Cyigxz81lQ,4.06409,38.0,21.9,1644578336.0
-MvcVWSbGReUdMB_aN49,4.09553,38.0,21.9,1644578346.0
-MvcVYtuo_UNYr2K8hhG,4.3143,38.0,21.9,1644578356.0
-MvcVaL5vP-vbAYQmcuQ,4.33933,38.0,21.9,1644578366.0
-MvcVcmSKbrJNYzchGu5,4.33933,38.0,21.9,1644578376.0
-MvcVfDiR3ABvwq5tlRD,4.3561,38.0,22.0,1644578386.0
-MvcVhiTeZhM2WnFw6Ot,4.30599,38.0,21.9,1644578396.0
-MvcVk6Exffa8CxLTGAn,4.20753,38.0,21.9,1644578406.0
-MvcVmYYNjGvkpAaa-yB,4.42382,38.0,22.0,1644578416.0
-MvcVozvZEcCdWIE04-w,4.42382,38.0,22.0,1644578426.0
-MvcVrQyjsoflmTV1s4J,4.4153,38.0,22.0,1644578436.0
-MvcVtsH-MWPZS0kxu9U,4.4153,38.0,22.0,1644578446.0
-MvcVwdTsfF9ynuUlrNm,4.3561,38.0,22.0,1644578456.0
-MvcVykipa5IRiKPkCMi,4.26469,38.0,22.0,1644578466.0
-MvcW0C1VdVmh6GBLwW9,4.43236,38.0,22.0,1644578476.0
-MvcW2dGfBn5VHcR8p2G,4.42382,38.0,22.0,1644578486.0
-MvcW54XqTa8bO6cgi3M,4.42382,38.0,22.0,1644578496.0
-MvcW7WmxrMjkc3WIcYM,4.44092,38.0,22.0,1644578506.0
-MvcWA27XvwKFSbX3luB,4.36451,38.0,22.0,1644578516.0
-MvcWCPJMNwhNlGjV2fi,4.27292,38.0,22.0,1644578526.0
-MvcWEq_WGHWDw8W8yTY,4.46669,38.0,22.0,1644578536.0
-MvcWHHsKDh6Xfexds1G,4.45808,38.0,22.0,1644578546.0
-MvcWJj7dN4qPiL7X0Eu,4.46669,38.0,22.0,1644578556.0
-MvcWMANrn44B1o3Dfu8,4.47531,38.0,22.0,1644578566.0
-MvcWOf8pqvTTDoUQK86,4.40679,38.0,22.0,1644578576.0
-MvcWR2zp_e4k3oA7ri4,4.38983,38.0,22.0,1644578586.0
-MvcWTVDNUakr6LNg83y,4.48396,38.0,22.0,1644578596.0
-MvcWVwOxs96YGq7YuJy,4.51869,38.0,22.0,1644578606.0
-MvcWYNeKNE4zRf_CAa7,4.48396,38.0,22.0,1644578616.0
-MvcW_p0JiO0lHSBFFiE,4.5537,38.0,22.0,1644578626.0
-MvcWcbXLug3dl4GSEA_,4.45808,38.0,22.0,1644578636.0
-MvcWehUYzdFvKcrxoUj,4.37293,38.0,22.0,1644578645.0
-MvcWh8niwXDa9DK03-c,4.52742,38.0,22.0,1644578655.0
-MvcWj_znWzpdv7sHrr-,4.53616,38.0,22.0,1644578665.0
-MvcWm1GXIPaN9eCFcGr,4.5537,38.0,22.0,1644578675.0
-MvcWoTcIb8Js6mjlVon,5.24331,38.0,22.0,1644578685.0
-MvcWqumxGBgMmIRuIP4,4.95746,38.0,22.0,1644578695.0
-MvcWtTQB-oNNdMyIp1a,4.65139,38.0,22.0,1644578706.0
-MvcWvnLr570f4unPWWW,4.72378,38.0,22.0,1644578716.0
-MvcWyEZGyvayLdMSZkM,4.71467,38.0,22.0,1644578726.0
-MvcX-g8t-a3T70pM6n-,4.6965,38.0,22.0,1644578736.0
-MvcX27NmKBuoUiiFpM7,4.70558,38.0,22.0,1644578746.0
-MvcX4ZLtgrxxBw-LZIj,4.68745,38.0,22.0,1644578756.0
-MvcX72DP9nhIXb4RCQ8,4.5537,38.0,22.0,1644578766.0
-MvcX9S1CZd7MaGQyzxr,4.61562,38.0,22.0,1644578776.0
-MvcXBtGp9nx8x80tT5S,4.62454,38.0,22.0,1644578786.0
-MvcXEKODO3P05CYqvyc,4.57131,38.0,22.1,1644578796.0
-MvcXGlz31sS8wE6hF2h,4.62454,38.0,22.1,1644578806.0
-MvcXJD38VDoLbiKkuDM,4.61562,38.0,22.0,1644578816.0
-MvcXLxBppXdQ9E7moK9,4.42382,38.0,22.0,1644578826.0
-MvcXO5hrxpYc8UERdtc,4.62454,38.0,22.1,1644578836.0
-MvcXQXvtbW614UwBdFn,4.6334800000000005,38.0,22.1,1644578846.0
-MvcXSz7Zcymi3-6nsLv,4.51869,38.0,22.0,1644578856.0
-MvcXVQKJk4xcAUDb4SV,4.60673,38.0,22.1,1644578866.0
-MvcXXraYJCypOLL2WfB,4.57131,38.0,22.1,1644578876.0
-MvcX_LMtLgW8n9VN_uO,4.42382,38.0,22.0,1644578886.0
-MvcXbkDw6mj8yMwGZEH,4.6334800000000005,38.0,22.1,1644578896.0
-MvcXeBQ16N13kzVyco5,4.59785,38.0,22.1,1644578906.0
-MvcXgcb0h5AHoRY3YJf,4.58898,38.0,22.1,1644578916.0
-MvcXj4HKVF2DJ6ABnry,4.6334800000000005,38.0,22.1,1644578926.0
-MvcXlWGEv_wxl5xbUIx,4.60673,38.0,22.1,1644578936.0
-MvcXo2AqKtCBGcSfeSZ,4.57131,38.0,22.1,1644578946.0
-MvcXqOnYJjca_i4Tz8f,4.68745,38.0,22.1,1644578956.0
-MvcXspuJRPfaoWyfVRv,4.66038,38.0,22.1,1644578966.0
-MvcXvH9SNZU0bPqG9nu,4.68745,38.0,22.1,1644578976.0
-MvcXxiXlnRPtQFNY8po,4.6965,38.0,22.1,1644578986.0
-MvcY-9ekVvV06ELcwux,4.66939,38.0,22.1,1644578996.0
-MvcY1uZ2iWSn75thkUY,4.44949,38.0,22.1,1644579006.0
-MvcY42HU1xMNG3JFRBw,4.68745,38.0,22.1,1644579016.0
-MvcY6UTCgUe9UEyvU_c,4.67841,38.0,22.1,1644579026.0
-MvcY8vi3gL8Jh8-B7kS,4.67841,38.0,22.1,1644579036.0
-MvcYBN3W2tREh--EOw7,4.6334800000000005,38.0,22.1,1644579046.0
-MvcYDoFNgZDF4QkrLUY,4.66939,38.0,22.1,1644579056.0
-MvcYGI15OBhrhXAhzza,4.28942,38.0,22.2,1644579066.0
-MvcYIgxAf9uaGcbTK57,4.70558,38.0,22.1,1644579076.0
-MvcYL8K199NO7PHKkT5,4.6965,38.0,22.2,1644579086.0
-MvcYN_IJ4hWelaq41uf,4.6965,38.0,22.2,1644579096.0
-MvcYQ0_EgjUg834VQkQ,4.66038,38.0,22.2,1644579106.0
-MvcYSSs0jz459CiRWuY,4.68745,38.0,22.2,1644579116.0
-MvcYUzuDQFYq1lsdIG1,4.47531,38.0,22.2,1644579126.0
-MvcYXLJpaEtefny6-oM,4.6965,38.0,22.2,1644579136.0
-MvcYZmb2g6QlJBrxlLj,4.70558,38.0,22.1,1644579146.0
-MvcYbDw3UaxCK4B9lZc,4.68745,38.0,22.1,1644579156.0
-MvcYdfKrlIJx-b--2SY,4.6965,38.0,22.2,1644579166.0
-MvcYg6S2qGIe-L6wFa-,4.6965,38.0,22.1,1644579176.0
-MvcYiq_dA41KBXuFNA1,4.48396,38.0,22.1,1644579186.0
-MvcYkzvTzWfrug2B0mZ,4.71467,38.0,22.2,1644579196.0
-MvcYnR8wJIUykyxBzZl,4.70558,38.0,22.2,1644579206.0
-MvcYpsQCWCJSUXGdoeF,4.6965,38.0,22.2,1644579216.0
-MvcYsJi5A0KfRKrtaZ3,6.69466,38.0,22.2,1644579226.0
-MvcYwnZAIr0v8ZyT_YU,3.8613600000000003,38.0,22.2,1644579244.0
-MvcYyvyojd1rsv7pN28,4.02051,38.0,22.0,1644579253.0
-MvcZ0NCZUIjb_1FiYuv,3.83177,38.0,22.0,1644579263.0
-MvcZ2oSxQlbkW8-RA3E,3.4405900000000003,38.0,21.8,1644579273.0
-MvcZ5FjTvt5bCvbisrY,3.93634,38.0,21.7,1644579283.0
-MvcZ7h6KDwox5Eryq_p,4.20239,38.0,21.6,1644579293.0
-MvcZA8D3yt0sWIzoOG-,4.3841,39.0,21.5,1644579303.0
-MvcZCbwNKAMbNEPN9Fv,4.08286,39.0,21.4,1644579313.0
-MvcZF0mre45UT_289JY,4.26757,39.0,21.4,1644579323.0
-MvcZHT3-icpCSh361f2,4.93048,39.0,21.3,1644579333.0
-MvcZJuJuAZvtw9Lt0oz,4.50384,39.0,21.3,1644579343.0
-MvcZMLZQdKriV70AtEv,4.48653,39.0,21.2,1644579353.0
-MvcZOn9PBmB5-EcGI9A,4.4693,39.0,21.1,1644579363.0
-MvcZRIY85F6IHn_SQcw,3.75157,39.0,21.1,1644579374.0
-MvcZTfZI3z0lGrloJFl,4.20239,39.0,21.1,1644579383.0
-MvcZW6g4509xj7_zp91,4.24301,39.0,21.0,1644579393.0
-MvcZYYuwjLN4U7QB-SB,4.20239,39.0,21.0,1644579403.0
-MvcZa-O-R5hF1Y0Qya7,4.20239,39.0,21.0,1644579413.0
-MvcZcRTqT3LYxbgX4ob,3.92878,40.0,20.9,1644579423.0
-MvcZf6jbKwF16UpfHyp,3.85394,40.0,20.9,1644579433.0
-MvcZhOXdTNXj-mdP6_-,3.92123,40.0,20.9,1644579443.0
-MvcZjlB7jbhveoqt9oM,4.17821,40.0,20.8,1644579453.0
-MvcZmCVePAjf3oFiCUE,4.05936,40.0,20.8,1644579463.0
-MvcZodmIgIvPxrpZy0h,3.9897,40.0,20.8,1644579473.0
-MvcZr4x2mHA9tVNm-x-,3.8911800000000003,41.0,20.7,1644579483.0
-MvcZtXHtu3VYMbRZ97J,3.77327,41.0,20.7,1644579493.0
-MvcZwJiZ7nAFbZgZz3d,3.96674,41.0,20.7,1644579505.0
-MvcZyPkAlcy6ZU8Sffm,4.18625,41.0,20.7,1644579513.0
-Mvc_-r1NZX2AXSbogya,4.20239,41.0,20.6,1644579523.0
-Mvc_2IJ1TvUVSWHO7wJ,4.33378,41.0,20.6,1644579533.0
-Mvc_4jYD985VBCRRNoz,4.37567,41.0,20.6,1644579543.0
-Mvc_7Aobzg3mOzY3IXo,4.30883,41.0,20.6,1644579553.0
-Mvc_9cAPfLXet8ggLKa,4.16216,41.0,20.6,1644579563.0
-Mvc_Cd_VYIupPB5D-Uq,3.80241,41.0,20.6,1644579576.0
-Mvc_EVbLmwOsR8ueiUk,3.57548,41.0,20.6,1644579583.0
-Mvc_Gwwz2mVREOB4Lwv,3.45385,41.0,20.5,1644579593.0
-Mvc_JO9yhMCyB-nAeBs,3.4805200000000003,41.0,20.4,1644579603.0
-Mvc_M2ZNofyr64l3mqw,3.6589400000000003,41.0,20.3,1644579613.0
-Mvc_OGjoTJSIiu0VlGX,3.63091,41.0,20.2,1644579623.0
-Mvc_QhxI0fnrGvtKdQn,3.6730400000000003,41.0,20.1,1644579633.0
-Mvc_TDXQ96My4BzsXDD,3.4208,41.0,20.0,1644579644.0
-MvoSlb4jRjcmfek-OfA,7.38203,48.0,21.4,1644778952.0
-MvoSo2N6U1osLLca-Gu,8.58493,47.0,21.4,1644778962.0
-MvoSqUfOGNSrJ8nTaQ9,9.27775,47.0,21.4,1644778972.0
-MvoSsvpcjhQE2QKiiqb,9.01147,47.0,21.4,1644778982.0
-MvoSvNBhcs4bF-1EfUg,9.44138,47.0,21.4,1644778992.0
-MvoSxoNHplHWOQZOTcm,9.45974,47.0,21.5,1644779002.0
-MvoT-JTjmMEZCi6TGu8,9.04651,47.0,21.5,1644779013.0
-MvoT1gyuN1E5vL617Tu,9.60797,47.0,21.5,1644779023.0
-MvoT48KWpxnFC1bQEjw,9.87313,46.0,21.5,1644779033.0
-MvoT6_SjAkwJjqV6coJ,9.95026,46.0,21.5,1644779043.0
-MvoT90gdjxu42J8_vM-,10.16559,46.0,21.5,1644779053.0
-MvoTBT3N4-SZ7xDPfCl,10.22514,46.0,21.6,1644779063.0
-MvoTDzfwDNG9c4F9tf6,9.8348,46.0,21.6,1644779073.0
-MvoTGLZKGdDGcTgeU1H,10.00852,46.0,21.6,1644779083.0
-MvoTImk9KgEt_H6O5NA,10.02802,46.0,21.7,1644779093.0
-MvoTLE27ILuOF-sytkH,9.98906,46.0,21.7,1644779103.0
-MvoTNfJRjd6o8aVmyEy,9.98906,46.0,21.8,1644779113.0
-MvoTQ6vW4PElvDk0dlS,10.00852,46.0,21.7,1644779123.0
-MvoTSqHvyhrlGWqCuRU,15.71017,46.0,21.7,1644779133.0
-MvoTV-8LOCGLqkuUu04,10.61073,46.0,21.8,1644779143.0
-MvoTXRM9nZRMf2SfPxh,10.84078,46.0,21.8,1644779153.0
-MvoTZsalKeuR_y0AmW4,11.33855,46.0,21.8,1644779163.0
-MvoTbJxeKF-0TMSABwl,10.67297,46.0,21.9,1644779173.0
-MvoTdl7vV_U3-eYsmo1,10.65218,46.0,21.9,1644779183.0
-MvoTgJd6Ms74Ziyzeps,10.16559,46.0,22.0,1644779193.0
-MvoTidf9qpcjgNH8BBM,12.23718,46.0,22.0,1644779203.0
-MvoTl4tbV630XIyny0a,9.27775,46.0,22.6,1644779213.0
-MvoTnXA0fm32No-Q7Z1,9.85394,46.0,23.3,1644779223.0
-MvoTqu3tjUtfUCIRP-C,4.22269,45.0,23.7,1644779235.0
-MvoTt-nJ8E9-AX35zF3,5.06525,44.0,23.8,1644779244.0
-MvoTvS0FGsRoc4Leo-A,10.02876,43.0,23.8,1644779254.0
-MvoTxtKTiDu4ABRFgEw,3.65623,43.0,23.7,1644779264.0
-MvoU-KZVWH8g98VZzmK,3.80856,43.0,23.6,1644779274.0
-MvoU48H8CHuFFTOPXQp,3.95183,43.0,23.6,1644779293.0
-MvoU6FPXXrJXOe9quDy,6.36514,43.0,23.4,1644779302.0
-MvoU8gmGzB2qxODICRD,6.10746,43.0,23.3,1644779312.0
-MvoUB7wGhZTzeW1vlgU,6.10746,43.0,23.3,1644779322.0
-MvoUD_67lDh8hgrSxGY,6.30278,43.0,23.2,1644779332.0
-MvoUG0RFil5XMMnELXr,5.38681,44.0,23.3,1644779342.0
-MvoUISePwdD7z4lHg4M,5.09976,44.0,23.3,1644779352.0
-MvoUKwVpjvq5ftOpyQw,4.9622,44.0,23.4,1644779363.0
-MvoUNLIJSWF8PGpenH4,5.08981,44.0,23.4,1644779373.0
-MvoUPmRNLs0W-CGt5tS,5.38681,44.0,23.4,1644779383.0
-MvoUSDj9XVRx6Q6apht,5.47186,43.0,23.4,1644779393.0
-MvoUUf-Po95ZuVuOvRE,5.42916,43.0,23.3,1644779403.0
-MvoUX6DH4QRCVtNoQK7,5.50411,43.0,23.3,1644779413.0
-MvoUZdRSE4O-ZmX3wpP,5.13978,43.0,23.2,1644779423.0
-MvoUazmptDcTJ0K9xxA,5.47186,44.0,23.1,1644779433.0
-MvoUdRAOgWdJ7KgdF8v,5.45047,44.0,23.1,1644779443.0
-MvoUfsFTst6Z4L3D791,5.66833,44.0,23.1,1644779453.0
-MvoUiJUorBIBhB5q7Ny,5.38681,44.0,23.0,1644779463.0
-MvoUkkm8dJEOKoyrJXW,5.72419,44.0,22.9,1644779473.0
-MvoUnU_muum5ffhsWnd,5.65723,44.0,22.9,1644779483.0
-MvoUpdRgvdCK7whYEmm,5.76928,44.0,22.9,1644779493.0
-MvoUs4bzIJEFhgP3WWs,5.75797,44.0,22.8,1644779503.0
-MvoUuWvmD53ZNGLvbPA,5.81475,44.0,22.8,1644779513.0
-MvoUwy25wUTJrOqPUd3,5.52571,44.0,22.7,1644779523.0
-MvoVPZ8mG2pRR2iuHXf,4.59794,,,1644779643.0
-MvoVRfUikRKFnMVIATA,6.00434,47.0,22.4,1644779652.0
-MvoVU6cBrFWOZLne96x,6.50172,47.0,22.3,1644779662.0
-MvoVWYtUjd9kxY_Zn7g,6.62931,47.0,22.5,1644779672.0
-MvoVZ-eKvL3NCRMe4NN,6.81228,49.0,23.5,1644779682.0
-MvoVaRUcfLXottggp3J,6.8788800000000005,47.0,24.6,1644779692.0
-MvoVcsiqZ8k-sjTQUNV,6.66809,47.0,26.4,1644779702.0
-MvoVfOQVGI-9lpQkXgS,6.64222,50.0,32.3,1644779713.0
-MvoVhlB1CvMFmSADBvk,6.83884,43.0,33.9,1644779723.0
-MvoVkCZ-JkOtGW5ZefI,6.9057,37.0,40.9,1644779733.0
-MvoVmdqIuBGCpg69_VW,6.93263,30.0,45.9,1644779743.0
-MvoVp56kT9G8i4bCikj,6.93263,26.0,46.1,1644779753.0
-MvoVrXGWCRzf4r9fFcW,6.93263,24.0,45.8,1644779763.0
-MvoVu3X924i-hJoGgem,6.4139100000000004,22.0,44.1,1644779773.0
-MvoVwQ66t66PSxdSnBZ,6.97323,24.0,42.0,1644779783.0
-MvoVyr9ZgpfipT2QNDh,6.93263,27.0,36.5,1644779793.0
-MvoW0IY6FAl8S-QjK09,7.04145,38.0,34.9,1644779803.0
-MvoW2jge3mB53r-z-S0,7.11035,45.0,33.4,1644779813.0
-MvoW5AvUXkkYpibQhDZ,7.17994,52.0,32.2,1644779823.0
-MvoW7unEbzIqW7ygpax,6.75948,55.0,34.2,1644779833.0
-MvoWA3K0HezZUQjInA3,7.0827,59.0,33.5,1644779843.0
-MvoWCVaaM1o4jLDrArF,7.05517,61.0,33.0,1644779853.0
-MvoWEwuTGAfiKuQF0QI,7.17994,65.0,32.5,1644779863.0
-MvoWHODLDWJgbEL915L,6.68107,67.0,32.1,1644779873.0
-MvoWJpdcUdjk9gzQDAH,7.11035,69.0,31.8,1644779883.0
-MvoWMJdF1y6sq09IILM,6.74635,57.0,31.3,1644779893.0
-MvoWOhvFf_3C3VrTnjP,7.15202,48.0,30.6,1644779903.0
-MvoWR9Ls0qOzqYnKgQd,7.11035,45.0,29.9,1644779913.0
-MvoWTa_45MSUN0qY-Lk,7.16597,42.0,29.4,1644779923.0
-MvoWW1h6uY6j3ZoebUa,7.00044,40.0,28.8,1644779933.0
-MvoWYU-oPRtIoHfqqTT,7.19395,39.0,28.4,1644779943.0
-MvoWa0ZV4kipi7xfnm0,6.79904,39.0,27.9,1644779953.0
-MvoWcMULjV2z-G8prOU,7.1381,39.0,27.4,1644779963.0
-MvoWenlXxC4mLP6Z7DZ,7.1381,39.0,27.0,1644779973.0
-MvoWhF2a8EvKCyEuNcZ,7.1381,39.0,26.5,1644779983.0
-MvoWjgHlsT1gtfmy3aU,6.94614,39.0,26.2,1644779993.0
-MvoWm7ZEqZCIdxhOdJ9,7.16597,39.0,25.8,1644780003.0
-MvoWos97re4CMvKTD-y,6.9057,39.0,25.4,1644780013.0
-MvoWr07_b1ZPw4AFiiN,7.15202,39.0,25.1,1644780023.0
-MvoWtSNI5BrndwIIkAU,7.32124,39.0,24.8,1644780033.0
-MvoWvtdKUokCHlSq8AV,7.20798,39.0,24.6,1644780043.0
-MvoWyKqa_KMGTrVpGT4,7.04145,40.0,24.4,1644780053.0
-MvoX-mFi8YWm-dpw4Eq,7.23612,40.0,24.2,1644780063.0
-MvoX2GFK4DRuvmQuzlP,6.64222,40.0,24.0,1644780073.0
-MvoX4efXVo7aTgG6OT9,7.1381,41.0,23.8,1644780083.0
-MvoX762D3eblJPqfNmX,7.15202,41.0,23.7,1644780093.0
-MvoX9YFPBzupg-pgRah,7.22203,42.0,23.5,1644780103.0
-MvoXBzQbZYdmnQeYu6r,6.94614,42.0,23.7,1644780113.0
-MvoXEQkFpyv1iXC-hRv,6.93263,43.0,24.0,1644780123.0
-MvoXGy4D_1cBctFp3hF,6.75948,44.0,24.6,1644780133.0
-MvoXJJKnBUjWlyqeolX,6.9596800000000005,43.0,25.2,1644780142.0
-MvoXLkg0GrU127nDBCs,7.09652,43.0,25.8,1644780152.0
-MvoXOBoIBw2IPl_3hmx,7.0827,42.0,26.3,1644780162.0
-MvoXQd6mZ_rf42ePKZF,6.89228,42.0,26.7,1644780172.0
-MvoXT4ILHRjU2I7sbBn,7.09652,41.0,27.0,1644780182.0
-MvoXVW_UAqJtgq0s5zI,7.0827,42.0,27.4,1644780192.0
-MvoXYHlY_5rmzv1DWVU,6.64222,41.0,27.7,1644780203.0
-MvoX_P3RVZ7qJFdCu7W,7.06892,40.0,27.9,1644780213.0
-MvoXbqOT9cxnxl7AEpA,7.09652,38.0,28.0,1644780223.0
-MvoXeHXwAwAfJu8R-Nb,6.77264,38.0,28.2,1644780233.0
-MvoXgit_YR66fDOZ0bs,6.78583,38.0,28.4,1644780243.0
-MvoXjAC8TrzTkpktIjk,7.1381,38.0,28.6,1644780253.0
-MvoXlgcVwX91xcP3z7N,6.85215,37.0,28.8,1644780263.0
-MvoXo2ebIe11HkLBVgj,7.04145,55.0,41.4,1644780273.0
-MvoXqVxRkwR6fLcviGz,7.02775,35.0,51.9,1644780283.0
-MvoXswA_sn-1PPAeBEf,7.22203,28.0,52.3,1644780293.0
-MvoXvNOaoqkmHinvJSF,7.20798,24.0,50.0,1644780303.0
-MvoXxoqTmOAXmae9wQV,7.16597,26.0,47.2,1644780313.0
-MvoY-JgK0oBQRv1q9Gw,6.81228,27.0,43.3,1644780323.0
-MvoY1hJ56aOywr9X7Tr,6.9596800000000005,32.0,40.3,1644780333.0
-MvoY48YZOaIM9nxpxx6,7.06892,39.0,34.9,1644780343.0
-MvoY6_hVxUDMQrUu-fe,6.72016,41.0,33.0,1644780353.0
-MvoY911Xs7w7xZUf1Cd,7.05517,45.0,34.4,1644780363.0
-MvoYBTLFKmCJNhdoJSA,7.00044,48.0,33.2,1644780373.0
-MvoYEF0dlmatJu7O6iX,6.6035900000000005,51.0,32.3,1644780383.0
-MvoYGLpc185GJndMK5D,7.01408,49.0,31.5,1644780393.0
-MvoYIn9idLMOM6evAIn,7.02775,44.0,30.9,1644780403.0
-MvoYLEKgo0vkZ-uptUY,6.77264,41.0,30.3,1644780413.0
-MvoYNfcwTzODmeKBoEx,6.83884,39.0,29.8,1644780423.0
-MvoYQ6tECEDcx6LbLBu,7.04145,38.0,29.6,1644780433.0
-MvoYSdNjOoqBbVMyFzU,6.65514,38.0,29.8,1644780443.0
-MvoYV-PvK0E6Y9CuW9v,6.97323,36.0,30.4,1644780453.0
-MvoYXRqzzKtYsnObhbr,6.94614,36.0,30.8,1644780463.0
-MvoYZtEF-sxIY1YAXxs,6.66809,35.0,31.0,1644780473.0
-MvoYbKDFqww8kLGKwVx,6.94614,34.0,31.2,1644780483.0
-MvoYdl_bTiVoaEkJjRG,7.00044,34.0,31.3,1644780493.0
-MvoYgGPNw6jgCXmjIXZ,6.82555,34.0,31.1,1644780503.0
-MvoYieWDR92AYqsuDsW,6.9057,41.0,34.1,1644780513.0
-MvoYl5Mn9SeO2tN4slp,7.00044,38.0,45.9,1644780523.0
-MvoYnXZq1deJ8oOtV2J,6.6035900000000005,29.0,55.3,1644780533.0
-MvoYpz5TXOLWYZepoid,6.94614,24.0,61.0,1644780543.0
-MvoYsQEo57UVYtKcN-t,6.91915,21.0,61.0,1644780553.0
-MvoYvC0oLajXMaRc_5-,4.15931,19.0,61.0,1644780563.0
-MvoYxItVX64jPH9wOIM,4.9479,17.0,61.0,1644780573.0
-MvoYzju6W2pREvdnrwh,5.28397,21.0,59.4,1644780583.0
-MvoZ1BD18STvyTyRn1q,5.74256,25.0,57.2,1644780593.0
-MvoZ3c_sU1BrJeZMOWf,4.70565,23.0,54.5,1644780603.0
-MvoZ63izUUnp-0YP9dX,4.71474,21.0,52.1,1644780613.0
-MvoZ8aZGtDh3HbpIyRj,4.6604600000000005,20.0,49.8,1644780623.0
-MvoZAxQz91x47kHuzzj,4.70565,19.0,47.8,1644780633.0
-MvoZDOTlqBXu2UJJ_3W,6.4765,18.0,45.9,1644780643.0
-MvoZFprjS0lpleUdjCe,6.12195,18.0,44.1,1644780653.0
-MvoZIH6wHm2no14T9L8,6.46394,19.0,42.6,1644780663.0
-MvoZKiE3NfJxkE6r-zy,6.07463,19.0,41.0,1644780673.0
-MvoZNDMw3D23Ip97Vip,6.37664,21.0,36.4,1644780683.0
-MvoZPas054lHqMMxRjY,8.23139,22.0,35.2,1644780692.0
-MvoZS2At5Tclh76jwbe,7.88483,23.0,34.1,1644780702.0
-MvoZUU96eCV_V1-hn5F,7.06892,23.0,33.0,1644780712.0
-MvoZWvRr7UWyL9vO-Gv,5.46063,24.0,34.9,1644780722.0
-MvoZZMgauYmfA5r0CW7,5.64332,24.0,33.9,1644780732.0
-MvoZany9v3KrF9E9_6F,5.83227,25.0,33.0,1644780742.0
-MvoZdY9hgqDzLRsiBFf,5.74256,27.0,32.1,1644780753.0
-MvoZfgXjQhn0ftBAvOr,6.09824,27.0,31.3,1644780763.0
-MvoZi7kgxZ1vNVIcbaG,5.86627,28.0,30.6,1644780773.0
-MvoZkZzaQt7J3N1hK0i,6.12195,30.0,29.9,1644780783.0
-MvoZn0I9aAuHQ5UIb85,6.14575,30.0,29.3,1644780793.0
-MvoZpSZCQCfEHPdWGW_,6.12195,31.0,28.8,1644780803.0
-MvoZrwXe0IXjI0E0737,5.91193,32.0,28.3,1644780813.0
-MvoZuL1rVyFkr3m8rDy,6.2298,33.0,27.8,1644780823.0
-MvoZwmK3e-zgnjbytW8,5.95796,34.0,27.3,1644780833.0
-MvoZzDiDbf2hyGE2_uN,4.51879,34.0,26.9,1644780843.0
-Mvo_0et3D594_JN6A_V,5.74256,36.0,26.5,1644780853.0
-Mvo_367zcP0g1IzvvqH,6.18163,37.0,26.1,1644780863.0
-Mvo_78OEY5gVxhY84Ep,6.4139100000000004,37.0,25.2,1644780880.0
-Mvo_7zeGiT_-yfUUAa3,6.52703,38.0,23.9,1644780883.0
-Mvo_ARAfZjckjZkjXbD,6.4765,38.0,23.6,1644780893.0
-Mvo_Cs98htXSAHRcg-F,6.8655,38.0,22.8,1644780903.0
-Mvo_FJRgSNj8auheSDy,6.83884,38.0,22.0,1644780913.0
-Mvo_HkfgXbt9rEJsDKn,6.8655,38.0,21.1,1644780923.0
-Mvo_KBxnScTpiiwnnSr,6.61644,39.0,20.4,1644780933.0
-Mvo_My_09YFW5-toQsq,6.5652,40.0,19.8,1644780943.0
-Mvo_P4W1DjBwjyhLF_s,6.55246,40.0,19.3,1644780953.0
-Mvo_RWy9sICvFPwI3ZA,6.94614,40.0,18.8,1644780963.0
-Mvo_TyE6Wzgozky_qyD,6.94614,40.0,18.4,1644780973.0
-Mvo_WPIvI0d3jyG5vLP,6.97323,41.0,18.0,1644780983.0
-Mvo_YqYd2-LkDkZqMfD,6.89228,41.0,17.6,1644780993.0
-Mvo_aMjYLp6djzrIuAB,6.59077,42.0,17.3,1644781003.0
-Mvo_cj4POSqdv5b6xq9,6.6035900000000005,42.0,16.9,1644781013.0
-Mvo_fAQzRr4XDQWTr32,6.94614,43.0,16.7,1644781023.0
-Mvo_hbgT5XLDZSPXYpX,6.98682,43.0,16.4,1644781033.0
-Mvo_k39pl2WdOoQ9n4k,6.89228,43.0,16.1,1644781043.0
-Mvo_mVTXohyJuL9syIl,6.94614,45.0,15.8,1644781053.0
-Mvo_p0oCNyZv5eGgHv9,6.5652,45.0,15.6,1644781063.0
-Mvo_rNxyWYApXG0R9Wm,6.81228,45.0,15.4,1644781073.0
-Mvo_tp4C5we1-6WxRpX,6.97323,45.0,15.2,1644781083.0
-Mvo_wGQtHINJjAbnRgT,6.97323,46.0,15.0,1644781093.0
-Mvo_yhSCDCaZ-6oMxcd,6.94614,46.0,14.8,1644781103.0
-Mvoa08n27v9y9gFRBP3,6.93263,46.0,14.7,1644781113.0
-Mvoa2vbsSeGXliY5-50,6.62931,46.0,14.5,1644781123.0
-Mvoa51H7w3JULGOZ8QZ,6.79904,46.0,14.4,1644781133.0
-Mvoa7TVBkQ7TU8iVzDz,6.94614,46.0,14.2,1644781143.0
-Mvoa9ukN3QqZiT4l959,6.94614,47.0,14.1,1644781153.0
-MvoaCM2-6ac1QBAognR,6.94614,47.0,14.1,1644781163.0
-MvoaEnGvyZWJb9wSel0,6.89228,47.0,13.9,1644781173.0
-MvoaHJVxNJJBnGj2aIA,6.55246,48.0,13.8,1644781183.0
-MvoaJfrY7CztxLo5n01,6.72016,48.0,13.7,1644781192.0
-MvoaM71ug5BP38dLtzA,6.9596800000000005,48.0,13.6,1644781202.0
-MvoaOZIDbXITBI227re,6.93263,49.0,13.5,1644781212.0
-MvoaR-dreds_kOgUEH_,6.9057,49.0,13.5,1644781222.0
-MvoaTRsKXuYhZw2-y5c,6.9057,49.0,13.4,1644781232.0
-MvoaVt5N_QnYeAxA8Be,6.9057,49.0,13.3,1644781242.0
-MvoaYQ0OHBQXLymuIJs,6.55246,49.0,13.2,1644781253.0
-Mvoa_lkEaVK3QYFrLaF,6.81228,50.0,13.1,1644781263.0
-MvoacCs0NA-_uMFLE1S,6.81228,50.0,13.0,1644781273.0
-Mvoaee7NvTroEaqybep,6.81228,50.0,13.0,1644781283.0
-Mvoah5cWgXr5I3pc8NY,6.85215,50.0,12.9,1644781293.0
-MvoajXfi5nFpg4CwLvU,6.81228,50.0,12.8,1644781303.0
-MvoamGCUz5Wnbjhg54b,6.52703,50.0,12.8,1644781313.0
-MvoaoQEx3VyEN4Hpvz1,6.85215,50.0,12.7,1644781323.0
-MvoaqrYIOKuxRKYcYpL,6.83884,50.0,12.6,1644781333.0
-MvoatIiZ_gno_i-zKI5,6.75948,51.0,12.6,1644781343.0
-Mvoavk1Cio9yUc8UxM4,6.81228,51.0,12.5,1644781353.0
-MvoayBFwoZfFrQbMRju,6.77264,51.0,12.5,1644781363.0
-Mvob-f27_T8cT0BpiIp,6.66809,51.0,12.4,1644781373.0
-Mvob23n0FS4WrWemyPy,6.74635,51.0,12.4,1644781383.0
-Mvob4W1_n_ORtibX5vn,6.72016,51.0,12.3,1644781393.0
-Mvob6xPRiLASaWseVu1,6.7071000000000005,51.0,12.3,1644781403.0
-Mvob9OfCkYFDLyvLhI6,6.73324,51.0,12.2,1644781413.0
-MvobBpoJB02PDi1Z-2_,6.72016,51.0,12.2,1644781423.0
-MvobEMkczhM7IVowYNT,6.50172,51.0,12.1,1644781433.0
-MvobGiQfUFF6XuicC31,6.66809,52.0,12.1,1644781443.0
-MvobJ9alyzDi8-GySKK,6.72016,52.0,12.0,1644781453.0
-MvobLawLNYfQJF6qiE7,6.62931,52.0,12.0,1644781463.0
-MvobO29OJKcn3ZgYYUy,6.72016,52.0,12.0,1644781473.0
-MvobQUXSep3ZDbdIf7f,6.66809,52.0,11.9,1644781483.0
-MvobTDJbIJn6QAjTuYs,6.43887,53.0,11.9,1644781493.0
-MvobVN3wrAbAjLih8po,6.69407,53.0,11.8,1644781503.0
-MvobXo9HXQ8fFcIgmTg,6.66809,53.0,11.8,1644781513.0
-Mvob_FYEb1U88mKAdnB,6.46394,53.0,11.8,1644781523.0
-Mvobbgk36Mot1KWhcmb,6.5779700000000005,53.0,11.8,1644781533.0
-Mvobe7zV5Ng7-SzaDAo,6.64222,53.0,11.8,1644781543.0
-MvobgbkE84L6cj0C0N8,6.45139,53.0,11.7,1644781553.0
-Mvobj0aLvRguVyRmYHj,6.5779700000000005,54.0,11.7,1644781563.0
-MvoblSnzxjXrew8YriW,6.5652,54.0,11.7,1644781573.0
-MvobnuBxiOoUZBvcT-8,6.5779700000000005,54.0,11.6,1644781583.0
-MvobqLIuNOz--prHse3,5.9349,54.0,11.6,1644781593.0
-MvobsmYvIB2GDJjxc7p,4.77888,55.0,11.6,1644781603.0
-MvobvJok0IyTdOpSm5T,4.48406,56.0,11.7,1644781614.0
-MvobxfBbDPNcQr3NEZi,4.6425,56.0,11.8,1644781623.0
-Mvoc-6NLRDIwCuZ-SdL,4.55379,57.0,11.8,1644781633.0
-Mvoc1YdLFeHfTgqv-K2,4.52752,57.0,11.8,1644781643.0
-Mvoc3ztPQYsXC8FkDOk,4.52752,57.0,11.7,1644781653.0
-Mvoc6R8x1muBWW7eqJ8,4.51879,59.0,11.8,1644781663.0
-Mvoc8sTqZ2yTFKD8a0N,4.51009,61.0,12.1,1644781673.0
-MvocBdUFjmOLsVrdyXm,4.34783,63.0,12.5,1644781683.0
-MvocDkuHfAOdWbffR5X,4.5014,64.0,12.9,1644781693.0
-MvocGCGgvRO2cZxafZt,4.5014,65.0,13.2,1644781703.0
-MvocIdfWpqG5sf040iE,4.95747,66.0,13.6,1644781713.0
-MvocL4iojwOv4gb6Rz4,4.38995,66.0,14.0,1644781723.0
-MvocNXOiqM5XQCt5yIc,4.39842,67.0,14.3,1644781733.0
-MvocQ2Cuj4E5DXHyL1O,4.11151,67.0,14.6,1644781743.0
-MvocSPaDYNQGn813ElJ,4.1915,67.0,15.0,1644781753.0
-MvocUr3kssSxp3cdp_v,4.22393,67.0,15.3,1644781763.0
-MvocXIIGTobyxHkKP_e,4.2158,67.0,15.7,1644781773.0
-MvocZjKFb1CaqM32en-,4.20768,66.0,16.1,1644781783.0
-MvocbAYr2hvvdXHwFSV,4.2813,65.0,16.4,1644781793.0
-Mvocdf8r5zJm9dgHIns,4.04863,65.0,16.7,1644781804.0
-Mvocg3A-YN8WNTbkbPt,4.24842,64.0,17.0,1644781813.0
-MvociVQNDuYo85AqoHI,4.22393,64.0,17.2,1644781823.0
-MvockwfFhgftZbVY3KT,4.2158,63.0,17.5,1644781833.0
-MvocnO6JJb_56kPD06k,4.27306,63.0,17.7,1644781843.0
-MvocppCct9eYADBcxW6,4.22393,62.0,17.9,1644781853.0
-MvocsGNw7dYkvQvND0Q,4.24024,61.0,18.1,1644781863.0
-Mvocv0Ch8qNxAhR0yBw,4.00211,60.0,18.2,1644781873.0
-Mvocx98OKNKNYubBCnj,4.25662,60.0,18.4,1644781883.0
-MvoczaBmHYU1x6L4Aq0,4.25662,59.0,18.6,1644781893.0
-Mvod11UxYepRfgFlJSJ,4.1915,59.0,18.7,1644781903.0
-Mvod3Tj8lICC7DGGONQ,4.22393,58.0,18.8,1644781913.0
-Mvod5uy44D7xn-UYFMm,4.2158,57.0,18.9,1644781923.0
-Mvod8TBao-iMu_fObHM,4.01756,56.0,19.0,1644781933.0
-MvodAna-RGDWEL7w5yw,4.17537,56.0,19.1,1644781943.0
-MvodDElV4qGOljvlU5t,4.1915,55.0,19.2,1644781953.0
-MvodFg3v-nmqkcGL6l5,4.19958,55.0,19.3,1644781963.0
-MvodI7HBmXiO8tKm-Ll,4.16733,55.0,19.3,1644781973.0
-MvodKZYRBhWdf-otxgq,4.13534,54.0,19.4,1644781983.0
-MvodN5HjgzsEr3u8aot,3.95613,54.0,19.5,1644781994.0
-MvodPS3sgheIE_HocTX,4.08781,54.0,19.5,1644782004.0
-MvodRtL2HPwbTiyBHSH,4.10359,53.0,19.6,1644782014.0
-MvodUKar9KfXV4YAoFP,4.08781,53.0,19.7,1644782024.0
-MvodWlrAzDmLt9-craH,4.08781,53.0,19.7,1644782034.0
-MvodZD9ueRhO9qOAeO7,4.11151,52.0,19.8,1644782044.0
-Mvodazuse4MMl4m22J9,4.07995,52.0,19.8,1644782054.0
-Mvodd5qwIiaZnm8vc-o,4.06426,52.0,19.9,1644782064.0
-MvodfXsXevbKthPf_Js,4.08781,52.0,19.9,1644782074.0
-MvodhzG-gh8Y-U1RiVh,4.00982,51.0,20.0,1644782084.0
-MvodkQT1VNP-_Gv_XuN,4.04863,51.0,20.0,1644782094.0
-MvodmrgdKYLzg-ZjmBg,3.91822,51.0,20.1,1644782104.0
-MvodpQ11kCcpM9N4YYn,3.7341100000000003,51.0,20.1,1644782114.0
-MvodrkKHLWLYYtSPJOP,3.86577,51.0,20.2,1644782124.0
-MvoduBUAkVmvMNSdrvw,3.85091,51.0,20.2,1644782134.0
-MvodwckPvJwN2Q7YEik,3.80668,51.0,20.3,1644782144.0
-Mvodz43Grv6aqi1Ztdw,3.81402,50.0,20.3,1644782154.0
-Mvoe0WIivWSaGodiIEX,3.81402,50.0,20.3,1644782164.0
-Mvoe32P35o6LJB7-AER,3.74851,50.0,20.3,1644782174.0
-Mvoe5Oy0UPh9QDppmh2,3.82873,50.0,20.4,1644782184.0
-Mvoe7q9Sdz71xBtVpIc,3.79936,50.0,20.4,1644782194.0
-MvoeAHJDu4P0GJawl5n,3.77022,50.0,20.3,1644782204.0
-MvoeCic0n1mXeqKusT1,3.81402,50.0,20.4,1644782214.0
-MvoeF9p94H7Au_ogiyv,4.4668,50.0,20.4,1644782224.0
-MvoeHto6xQHJE89aRWs,4.59794,50.0,20.4,1644782234.0
-MvoeK2RCTMgAEoUs62U,5.06396,50.0,20.4,1644782244.0
-MvoeMUc_UTw52MFzqTB,5.12302,50.0,20.5,1644782254.0
-MvoeOvw2Xqq9b8Fn5vf,5.19281,50.0,20.5,1644782264.0
-MvoeRNEpk6Gue3eoR-d,5.30445,50.0,20.5,1644782274.0
-MvoeToOSccXluiZDaUw,5.2942,50.0,20.5,1644782284.0
-MvoeWMmgZ2NcgC60fvg,5.0934,50.0,20.5,1644782294.0
-MvoeYh2RuEvD9XBODLM,5.30445,50.0,20.5,1644782304.0
-Mvoea8C7Qr6Ig_hESE2,5.33531,50.0,20.5,1644782314.0
-Mvoec_Uk2j5CUhdKtSv,5.31471,50.0,20.5,1644782324.0
-Mvoef0n-JYND4uPvYGb,5.40806,50.0,20.5,1644782334.0
-MvoehT0Q25A-C074xX4,5.36637,50.0,20.5,1644782344.0
-Mvoejzr8fArHs2ojmmw,5.07375,50.0,20.5,1644782354.0
-MvoemLYCDj1WFlB8_Dn,5.3976,50.0,20.5,1644782363.0
-MvoeomliW16FL-q6hlV,5.41853,50.0,20.5,1644782373.0
-MvoerE4nRLbofUlvMeC,5.45007,50.0,20.5,1644782383.0
-MvoetfTdQYW3FSO5VHa,5.52441,50.0,20.5,1644782393.0
-Mvoew6_HaDZBuGoA6sF,5.38717,50.0,20.5,1644782403.0
-MvoeyYqfHJg6vEeeYsi,5.43954,50.0,20.5,1644782413.0
-Mvof0JM8iivoHXIRUxX,5.17277,50.0,20.5,1644782424.0
-Mvof2RN9wtkousZMSFm,5.41853,50.0,20.5,1644782434.0
-Mvof4sbDD-aSB5dOkBt,5.3976,50.0,20.5,1644782444.0
-Mvof7Jv5S1ppILBDdXV,5.5997900000000005,49.0,20.5,1644782454.0
-Mvof9l9IgaoeBuFhKIq,2.6414,50.0,20.5,1644782464.0
-MvofCCQJu2mwKhFPpcL,2.28651,50.0,20.5,1644782474.0
-MvofEiEXEb6avpopLIq,1.88586,50.0,20.5,1644782484.0
-MvofH4u63WOEUDwf1FX,2.36255,50.0,20.5,1644782494.0
-MvofJXAiyw3e_qcN9_9,2.40845,50.0,20.6,1644782504.0
-MvofLyU1-kps0Na5w15,2.42239,50.0,20.6,1644782514.0
-MvofOPyAqOBWyPdIG_h,2.42705,49.0,20.6,1644782524.0
-MvofQrEPgDdgdkesdBZ,2.38539,49.0,20.6,1644782534.0
-MvofTLeE-WtzIGetYQn,2.30862,49.0,20.6,1644782544.0
-MvofVjgOVt8GEbR7Nrc,2.41773,49.0,20.6,1644782554.0
-MvofYBD8QqQowf69reZ,2.42239,49.0,20.6,1644782564.0
-Mvof_cMe_s6uMIBmr6k,2.41309,49.0,20.6,1644782574.0
-Mvofc3HsP8zRQVsm1Mi,2.40845,49.0,20.6,1644782584.0
-MvofeV_Oq5RJD2AGTq1,2.41773,49.0,20.6,1644782594.0
-MvofhGvPdeucHaY2eoJ,2.34444,49.0,20.6,1644782604.0
-MvofjO3EyBFLO0YKgM4,2.37623,49.0,20.6,1644782614.0
-MvoflpnzunAS8Ah25_w,2.31307,49.0,20.6,1644782624.0
-MvofoGaiD-Wc6FmL3gN,2.37166,49.0,20.6,1644782634.0
-Mvofqhr-qQy3JFMZFsq,2.3671,49.0,20.6,1644782644.0
-Mvoft9ZRnHJb1p2I4T1,2.38081,49.0,20.6,1644782654.0
-MvofvfGZ6_rL0laS_f3,2.33543,49.0,20.6,1644782664.0
-Mvofy1xSytVXvrE4WbJ,2.3534800000000002,49.0,20.6,1644782674.0
-Mvog-UGNms-mqz3vj8u,2.35801,49.0,20.6,1644782684.0
-Mvog1v9X1qb0gADEIfb,2.3671,49.0,20.6,1644782694.0
-Mvog4MUxAhYxwIesWBQ,2.37166,49.0,20.6,1644782704.0
-Mvog6nuselXA5Y8xfq4,2.22572,49.0,20.6,1644782714.0
-Mvog9MwVC9Qoc0fLkUb,2.1089,49.0,20.6,1644782724.0
-MvogBgDlC4hXlg9eE4g,2.32646,49.0,20.6,1644782734.0
-MvogE7ktIuNe_zm_Efk,2.3534800000000002,49.0,20.6,1644782744.0
-MvogG_0bFvlv9F1nRrW,2.28651,49.0,20.5,1644782754.0
-MvogJ-yKnX6DSxdN8-n,2.37166,49.0,20.5,1644782764.0
-MvogLSGr_iKm3xIp8gM,2.38998,49.0,20.6,1644782774.0
-MvogODPzWMufLWHWzBH,2.27335,49.0,20.6,1644782784.0
-MvogQKoAHLtxw7BWmT9,2.38081,49.0,20.5,1644782794.0
-MvogSmJpxW9AzIlJ6KK,2.40382,49.0,20.6,1644782804.0
-MvogVDHEKuQPae1ccRs,2.37623,49.0,20.6,1644782814.0
-MvogXedM_nkH24GSYeC,2.39459,49.0,20.5,1644782824.0
-Mvog_5o6n5HXuwL2Ly9,2.40845,49.0,20.5,1644782834.0
-MvogbcVzEQZ1juunH4Z,2.29092,49.0,20.5,1644782844.0
-MvogdzNEiwgFwL3iSM9,2.37623,49.0,20.5,1644782854.0
-MvoggQxZQeVkkuCr7qq,2.37623,49.0,20.5,1644782864.0
-MvogiruFJJPXXOJ9F5y,2.39459,49.0,20.5,1644782874.0
-MvoglJ8UEgX3v5YxIOv,2.40845,49.0,20.5,1644782884.0
-MvognkdAHoOIU2ch02U,2.37623,49.0,20.5,1644782894.0
-MvogqFE_H7YKRyMH108,2.29092,49.0,20.5,1644782904.0
-MvogsdHp2UGXg8-g8ca,2.38998,49.0,20.5,1644782913.0
-Mvogv4Ug4Cdp05YuIRO,2.37166,49.0,20.5,1644782923.0
-MvogxWnS51kOLCeQriM,2.38539,49.0,20.5,1644782933.0
-Mvogzxq1HQzqrc623hZ,2.3992,49.0,20.5,1644782943.0
-Mvoh1PEAUktOOCsbfHb,2.39459,49.0,20.5,1644782953.0
-Mvoh3qE2sd8iMcOkZQi,2.36255,49.0,20.5,1644782963.0
-Mvoh6ZWxZuzP3lq3CE5,2.27773,49.0,20.5,1644782974.0
-Mvoh8inYctueYup4WG-,2.39459,49.0,20.5,1644782984.0
-MvohBA2tHum3P0BdDsj,2.38081,49.0,20.5,1644782994.0
-MvohDbIXHCWClJynvxf,2.33094,50.0,20.5,1644783004.0
-MvohG2gejpHYC303hf-,2.39459,50.0,20.5,1644783014.0
-MvohIUt5KOLsYWzYzeA,2.38539,49.0,20.5,1644783024.0
-MvohL21TZOnBffqlX5c,2.29533,49.0,20.5,1644783034.0
-MvohNNL0wI4TcReftCf,2.3992,49.0,20.5,1644783044.0
-MvohPoqlYBw5XwTtK37,2.3992,49.0,20.5,1644783054.0
-MvohSFtyAvjpPLv9es-,2.40382,50.0,20.5,1644783064.0
-MvohUh6NIjYmgfpb2Ys,2.40845,50.0,20.5,1644783074.0
-MvohX8PRXNCv7PNwsKx,2.38998,49.0,20.5,1644783084.0
-MvohZf4rbkN_nooLh9I,2.8912500000000003,49.0,20.5,1644783094.0
-Mvohb0yNPcbmx9z_FRm,3.10444,50.0,20.5,1644783104.0
-MvohdT9l6E0Ui8Gf-f3,3.18303,50.0,20.7,1644783114.0
-MvohfuUQf6w0Qsa9bXY,3.14047,49.0,21.0,1644783124.0
-MvohiLs_y5nk-8wlT9m,3.05118,49.0,21.5,1644783134.0
-MvohkmzaXirJxpwgE-0,2.9758500000000003,48.0,22.0,1644783144.0
-MvohnWGYel9blNzKWy2,2.85259,48.0,22.5,1644783154.0
-MvohpfXVClnB3ek3nKD,3.01039,48.0,23.0,1644783164.0
-Mvohs6rWzC-VOw7mxlt,3.02198,47.0,23.4,1644783174.0
-MvohvFkLXq8yQEyAPb9,2.80365,47.0,23.8,1644783186.0
-Mvohxh2BZzHe8jCUBOL,2.94172,46.0,24.3,1644783196.0
-Mvoi-8FOR332BsnPgAC,2.94172,45.0,24.7,1644783206.0
-Mvoi1f5gDTa4EqA9k75,2.81987,44.0,25.0,1644783216.0
-Mvoi40n-zzkCjetf1Jt,3.01618,44.0,25.4,1644783226.0
-Mvoi6T2rlKq0ljh8HGV,3.08659,44.0,25.8,1644783236.0
-Mvoi8uMEPZ-gTE00lrW,3.10444,43.0,26.1,1644783246.0
-MvoiBL_tV_vNxuvgUmr,3.18916,43.0,26.4,1644783256.0
-MvoiDmzcOBZS1PzhGXo,4.25662,42.0,26.6,1644783266.0
-MvoiGIHZcprhepBdQWC,2.8635800000000002,42.0,26.9,1644783276.0
-MvoiIfcdU-YWmeHEhe3,3.88816,42.0,27.1,1644783286.0
-MvoiL757kI7Gdx3Ehwb,4.37305,41.0,27.1,1644783296.0
-MvoiNZImashiifiIJGe,4.47543,40.0,26.9,1644783306.0
-MvoiQ-BShbP3-y_robV,4.77888,40.0,26.7,1644783316.0
-MvoiSRRkP54b2OkTqrS,4.95747,39.0,26.4,1644783326.0
-MvoiVEB7yauy-xOXruH,4.76966,39.0,26.0,1644783336.0
-MvoiXJwL3AXNwTJeMoC,5.02497,39.0,25.7,1644783346.0
-MvoiZlHe-M-gaWq1l-i,5.0934,39.0,25.4,1644783356.0
-MvoibCZjix59VFncm9L,5.0934,39.0,25.1,1644783366.0
-Mvoiddrb9GhSmcxTq-n,5.14286,39.0,24.8,1644783376.0
-Mvoig4y9eJpi-qEvLpw,5.11313,40.0,24.6,1644783386.0
-MvoiibwS-bH7quPwEkz,4.96706,40.0,24.3,1644783396.0
-MvoikyZfFS8aOkh-y3C,5.21293,40.0,24.1,1644783406.0
-MvoinPoC4xC1fVhgHOP,5.16278,41.0,23.9,1644783416.0
-Mvoipr2UELY6eifvXy3,5.14286,41.0,23.7,1644783426.0
-MvoisIKecwyMz554LEX,5.14286,41.0,23.5,1644783436.0
-MvoiujdGOrshQtYsxMJ,5.17277,42.0,23.3,1644783446.0
-MvoixEq6tmzOtoZPEKE,4.98629,42.0,23.1,1644783457.0
-Mvoizc61O3cPM7Y_TH_,5.20286,42.0,23.0,1644783466.0
-Mvoj13J30MzmVYEljm9,5.18278,42.0,22.8,1644783476.0
-Mvoj3Ve90R0cj9uOUuE,5.11313,43.0,22.7,1644783486.0
-Mvoj5wqavttOwjEK8RL,5.19281,43.0,22.5,1644783496.0
-Mvoj8O3FGvxvl1K6XlH,5.19281,43.0,22.4,1644783506.0
-MvojApM3P0h0HO-tAha,5.24326,43.0,22.3,1644783516.0
-MvojDZooNI3py1VIIUj,5.06396,44.0,22.1,1644783527.0
-MvojFhtKA-glL4RFdP3,5.26357,44.0,22.0,1644783536.0
-MvojI99Ch8aoNJqe33p,5.19281,44.0,21.9,1644783546.0
-MvojKaUuY-GZjhu_-ly,5.17277,44.0,21.8,1644783556.0
-MvojN1qzX0_c7M_vATD,5.24326,44.0,21.7,1644783566.0
-MvojPTu19N5FWQAT3XG,5.06396,44.0,21.6,1644783576.0
-MvojRvD3_OCXjkrGRlU,5.13293,45.0,21.5,1644783586.0
-MvojURi4H_xFSOsrSix,4.97666,45.0,21.4,1644783596.0
-MvojWnlCrtea7xcwJyI,5.14286,45.0,21.4,1644783606.0
-MvojZF29Lonh5WW5Ljj,5.17277,45.0,21.3,1644783616.0
-MvojagGvn5O16pSdTXO,5.19281,46.0,21.2,1644783626.0
-Mvojd7Xdzo6mjVYsX_b,5.15281,46.0,21.1,1644783636.0
-MvojfZoNYHEImnwlunE,5.19281,46.0,21.1,1644783646.0
-Mvoji3idOfzU-i2QDT9,4.99593,46.0,21.0,1644783656.0
-MvojkSI4U1VzUadfNXT,5.15281,46.0,21.0,1644783666.0
-MvojmtXFcVGYXrw7K-s,5.15281,47.0,20.9,1644783676.0
-MvojpKrLucUzMrV4QgZ,5.10325,48.0,20.9,1644783686.0
-Mvojrm5Q50ActJNgzHl,5.12302,48.0,20.8,1644783696.0
-MvojuDXCwfSqFnYkXlr,5.04443,48.0,20.8,1644783706.0
-Mvojx-iNoHfmdBudv_8,5.00559,48.0,20.7,1644783716.0
-Mvojz5rGEfWWVOa_j2Y,5.10325,48.0,20.7,1644783726.0
-Mvok0Y67eEKOgcgCgjD,5.10325,48.0,20.6,1644783736.0
-Mvok2zUYYCje46C9cPr,5.08357,48.0,20.6,1644783746.0
-Mvok5Qf_i7sVY59PZ3-,5.10325,48.0,20.6,1644783756.0
-Mvok7rwozSwisSVC-FX,5.10325,48.0,20.6,1644783766.0
-MvokAOs6kKrprC79BPe,4.98629,48.0,20.6,1644783777.0
-MvokCkYJAvgc_JLa2ms,5.0934,49.0,20.5,1644783787.0
-MvokFBpznRCMezFDXRB,5.07375,49.0,20.5,1644783797.0
-MvokHd1zhFgYoMSL3x_,5.07375,49.0,20.5,1644783807.0
-MvokK4FVzFjpEO3ERHA,5.07375,49.0,20.5,1644783817.0
-MvokMWcWySaDpyEInto,5.07375,49.0,20.5,1644783827.0
-MvokP0dgtAgZHaJUKTM,4.95747,49.0,20.4,1644783837.0
-MvokRPDL6r_Z29lWpaC,5.08357,49.0,20.4,1644783847.0
-MvokTqRxGq04LTL-JSc,5.05418,49.0,20.4,1644783857.0
-MvokWHbm__ueiykZOOC,5.13293,49.0,20.3,1644783867.0
-MvokYj4YIOOsYUDveKf,5.04443,49.0,20.3,1644783877.0
-MvokaAJEL7Yy0_wh9cu,5.02497,49.0,20.3,1644783887.0
-MvokcwMJgH6vn78ZePL,4.91932,49.0,20.3,1644783897.0
-Mvokf2j6MxRrZMAWoLh,5.05418,49.0,20.3,1644783906.0
-MvokhUu8SYu_xUMPkll,5.00559,49.0,20.3,1644783916.0
-MvokjwANG1hoZ-i5wfx,4.95747,49.0,20.3,1644783926.0
-MvokmNUS34hs91JPStJ,5.04443,49.0,20.3,1644783936.0
-MvokooiebRMbJf0wY7_,4.9479,49.0,20.2,1644783946.0
-MvokrFxV5M_0NNJ3x6K,4.86264,49.0,20.3,1644783956.0
-MvoktowfoLnptueQHi8,4.76046,49.0,20.3,1644783967.0
-Mvokw8f6T06gyDqp5WJ,4.99593,49.0,20.2,1644783977.0
-Mvokya4Ajst5TL-YiXM,4.92883,49.0,20.2,1644783987.0
-Mvol01Iih5ulyrXZBB7,4.9479,49.0,20.2,1644783997.0
-Mvol2TTQdWTmS2YL8vv,4.95747,49.0,20.2,1644784007.0
-Mvol4uapozKdOZ357m2,4.95747,49.0,20.2,1644784017.0
-Mvol7S2qfaHHdgoWlPu,4.83456,49.0,20.2,1644784027.0
-Mvol9n71xX4Mh2DDH6P,4.90982,49.0,20.2,1644784037.0
-MvolCEKjQZPv5jQnQjM,4.8439,49.0,20.2,1644784047.0
-MvolEfdihbBLjjZB3Zf,4.8439,49.0,20.2,1644784057.0
-MvolH6s2Ws7Wweo7wQx,4.91932,49.0,20.2,1644784067.0
-MvolJZ67857ckCTdIL-,4.86264,49.0,20.2,1644784077.0
-MvolMJ_H-zXi_r5kjU-,4.77888,49.0,20.2,1644784087.0
-MvolORqdUY4Hrs1gult,4.88146,49.0,20.2,1644784097.0
-MvolQt2F1w4sf-VZFf_,4.83456,49.0,20.2,1644784107.0
-MvolTKKo7ZE8ihEUJHR,4.86264,49.0,20.2,1644784117.0
-MvolVlcBi6YAVWtaFeQ,4.87204,49.0,20.2,1644784127.0
-MvolYD8pI1VLGGGR1hh,4.86264,49.0,20.2,1644784137.0
-Mvol_lb8CmAdh6FQFaM,4.43248,49.0,20.2,1644784147.0
-Mvolc5wn-tQ4jM5UE-g,4.87204,49.0,20.2,1644784157.0
-MvoleXmE3KJA1JUWJoc,4.81593,49.0,20.2,1644784167.0
-Mvolgz-I7etpUYrKXbU,4.79736,50.0,20.2,1644784177.0
-MvoljQFBcKkhL3DYEGv,4.79736,50.0,20.2,1644784187.0
-MvollrMYwDOrJSogpEh,4.77888,50.0,20.2,1644784197.0
-MvoloSfUJ8szrBkdasE,4.55379,50.0,20.2,1644784207.0
-Mvolqjm3tTmfQJ_aLTy,4.76046,50.0,20.2,1644784217.0
-MvoltB3rPd79Wov4hC2,4.76966,50.0,20.2,1644784227.0
-MvolvcGWTpmysA35iP5,4.77888,50.0,20.2,1644784237.0
-Mvoly3bhyAtJbSNXnNP,4.78811,50.0,20.2,1644784247.0
-Mvom-W2e1lI0vAGnjTB,4.76966,50.0,20.2,1644784257.0
-Mvom2FbZCnJSnLwGc4r,4.53626,50.0,20.2,1644784267.0
-Mvom4OT3qSwnrKcq4uK,4.78811,50.0,20.2,1644784277.0
-Mvom6pk_zxDB3RMNSMz,4.74212,50.0,20.2,1644784287.0
-Mvom9H-Ha4s7GO3y1sf,4.74212,50.0,20.2,1644784297.0
-MvomBiEUiFtx7S9mhim,4.69658,50.0,20.2,1644784307.0
-MvomE9awbM2BQt-_vVV,4.63356,50.0,20.2,1644784317.0
-MvomGdhdd6AcxUtDJXl,4.35623,50.0,20.2,1644784327.0
-MvomJ20CLIYHw7A_BHh,4.66946,50.0,20.2,1644784337.0
-MvomLUJv6Cd1i31LllW,4.68752,50.0,20.2,1644784347.0
-MvomNvW9GkZZXZz_nzO,4.69658,50.0,20.2,1644784357.0
-MvomQMqQVqVThJFf4vq,4.66946,50.0,20.2,1644784367.0
-MvomSnwb3mFT7IdJI9_,4.65147,50.0,20.2,1644784377.0
-MvomVLcAjSon6FBaR2j,4.4668,50.0,20.2,1644784387.0
-MvomXgTGs1xNOODPxba,4.68752,50.0,20.2,1644784397.0
-Mvom_7sklQ8VjJc6DSN,4.62463,50.0,20.3,1644784407.0
-MvombZxFYXnDyzQGGsV,4.60681,50.0,20.3,1644784417.0
-Mvome0IqJmEdhB-wdO0,4.68752,50.0,20.2,1644784427.0
-MvomgSXnobJiaB_18xz,4.61571,50.0,20.2,1644784437.0
-MvomjCJsPeP6YydmiP_,4.58023,50.0,20.2,1644784447.0
-MvomlL4f4ry7IB2vYmG,4.6425,50.0,20.2,1644784456.0
-MvomnmLbl72nSAppvdd,4.55379,50.0,20.3,1644784466.0
-MvomqDba0sG28kaWIpJ,4.62463,50.0,20.3,1644784476.0
-MvomsetVCgK8pVrJwkw,4.55379,50.0,20.3,1644784486.0
-Mvomv6ChBySorFNY4iP,4.58907,50.0,20.3,1644784496.0
-MvomxYOGLxKlSO2FK7s,4.53626,50.0,20.3,1644784506.0
-Mvon-I6ioPARvsUTTOQ,4.40691,50.0,20.3,1644784518.0
-Mvon1QrLiVvFdnwLERQ,4.53626,50.0,20.3,1644784526.0
-Mvon3sBMTke4oEpLEDw,4.51009,50.0,20.3,1644784536.0
-Mvon6JTT7j0Xm50rHqx,4.56259,50.0,20.3,1644784546.0
-Mvon8kfpnjOnDTahZUO,4.52752,50.0,20.3,1644784556.0
-MvonBE_iGl3XgYYlDXw,4.48406,50.0,20.3,1644784566.0
-MvonDdBCIEuhzp_Qozr,4.5014,50.0,20.3,1644784576.0
-MvonGAEq5qwjABpBs4N,4.32277,50.0,20.3,1644784587.0
-MvonIWlxZTRpijP-6WF,4.5014,50.0,20.3,1644784597.0
-MvonKy-7XxVu-wY0pR9,4.48406,50.0,20.3,1644784607.0
-MvonNPG84DkkcpcHUPA,4.49272,50.0,20.3,1644784617.0
-MvonPqXklxg3unEgaUf,4.48406,50.0,20.3,1644784627.0
-MvonSWWmNjvsi9lkmoY,4.48406,50.0,20.3,1644784637.0
-MvonUnEzrtlDtg1hwT3,4.35623,50.0,20.3,1644784647.0
-MvonXAK8a3Vdk3czvKD,4.47543,50.0,20.3,1644784656.0
-MvonZbZaL2ExoNF9EiG,4.4668,50.0,20.3,1644784666.0
-Mvonb2oLEUtHSsLvD1c,4.37305,50.0,20.3,1644784676.0
-MvondV9IREfUPQnjDK1,4.47543,50.0,20.3,1644784686.0
-MvonfwRn4nWqrraNKQ-,4.42394,50.0,20.4,1644784696.0
-MvoniNeVbrrXJVtPD6T,4.48406,50.0,20.4,1644784706.0
-MvonktjI7AQ3z7deYaQ,4.27306,50.0,20.4,1644784717.0
-MvonnGLoyAZkz6CvJjh,4.4668,50.0,20.4,1644784727.0
-MvonphOjFjMkiWqS8ls,4.44104,50.0,20.4,1644784737.0
-Mvons8iALGJd_Cxnriz,4.44961,50.0,20.4,1644784747.0
-Mvonu_w4noM0WpiCE45,4.4582,50.0,20.4,1644784757.0
-Mvonx1JEzglhJg31Wo-,4.44104,50.0,20.4,1644784767.0
-MvonzX28DE5KRvvlYqn,4.34783,50.0,20.4,1644784777.0
-Mvoo0ujVCUl0iztxOVC,4.41542,50.0,20.4,1644784787.0
-Mvoo3MHWYwTgH-ZiwU5,4.38995,50.0,20.4,1644784797.0
-Mvoo5nU6zF2Cu_mMiXu,4.37305,49.0,20.4,1644784807.0
-Mvoo8UE2FYuXFjXYyBE,4.36463,49.0,20.4,1644784817.0
-MvooAg112zQXsZ67SHz,4.36463,49.0,20.4,1644784827.0
-MvooDDR-G471oExxQNu,4.1915,49.0,20.4,1644784837.0
-MvooFZWGoB8Cyb2IYsG,4.31444,50.0,20.4,1644784847.0
-MvooI-sk4RN0xnKDese,4.33946,50.0,20.4,1644784857.0
-MvooKSCcLe1YgDDIie6,4.34783,50.0,20.4,1644784867.0
-MvooMt6jdX6uO78wJ2Q,4.35623,50.0,20.4,1644784877.0
-MvooPKfDUrKw_tS9iId,4.30613,49.0,20.4,1644784887.0
-MvooRqcKR_9Br_wMX8t,4.11944,49.0,20.4,1644784897.0
-MvooUCsSjT8AUl-ka9i,4.34783,49.0,20.4,1644784907.0
-MvooWeUjVwmAHwUvkYo,4.27306,49.0,20.4,1644784917.0
-MvooZ5_EQaVtSFRkEti,4.31444,49.0,20.5,1644784927.0
-MvooaXgRrY9UASrsUqu,4.30613,49.0,20.4,1644784937.0
-Mvoocyz_Mq1Cqw2iNgA,4.30613,49.0,20.4,1644784947.0
-MvoofTf44wXoMVm7EpG,4.2158,49.0,20.4,1644784957.0
-Mvoohrjp1xvl8L6j5E_,4.30613,49.0,20.4,1644784966.0
-MvookIlcgE1CtI_qZn0,4.23207,49.0,20.4,1644784976.0
-Mvoomk86SUVq1vgMtkY,4.28956,49.0,20.5,1644784986.0
-MvoopPvVFZNRms0G-J7,4.24024,49.0,20.4,1644784996.0
-MvoorcYECC3lr2mcmlf,4.32277,49.0,20.5,1644785006.0
-Mvoou3qhfBmghUWAFA2,4.2158,49.0,20.5,1644785016.0
-MvoowZvMQxkI9-lTJBq,4.01756,49.0,20.5,1644785027.0
-MvooyxMV54LVp4gGghY,4.23207,49.0,20.5,1644785037.0
-Mvop0OdfnnUvK7LoTs-,4.20768,49.0,20.5,1644785047.0
-Mvop2ppCTZoF0dIc46c,4.11151,49.0,20.5,1644785057.0
-Mvop5H8jBR1rZMEi1ey,4.22393,49.0,20.5,1644785067.0
-Mvop7iLd7e6LQPs-NP5,4.17537,49.0,20.5,1644785077.0
-MvopAGccS_FldzpPZDq,4.11944,49.0,20.4,1644785087.0
-MvopCavGvzOHpBlkUND,4.1915,49.0,20.5,1644785096.0
-MvopF278SX6BQSKiQ3y,4.17537,49.0,20.5,1644785106.0
-MvopHUQrOihvOyxiL6v,4.28956,49.0,20.5,1644785116.0
-MvopNG3WqSb6rG9TRz3,3.8310500000000003,,,1644785139.0
-MvopPLyUp_dbqRNVeQf,2.91203,50.0,20.9,1644785148.0
-MvopU-jDkpe0h26pEj1,3.71049,49.0,21.3,1644785166.0
-MvopWMI8ucergkEYElR,3.84172,49.0,22.1,1644785175.0
-MvopYSlha2LTl6Sigxn,3.75372,48.0,22.4,1644785185.0
-Mvop_txSFjJGZAtHsQ3,3.74648,48.0,22.5,1644785195.0
-MvopcLHbqIa6SEhvY1_,3.77553,48.0,22.6,1644785205.0
-MvopemYuzsI7yTuSPeN,3.72485,47.0,22.6,1644785215.0
-MvophDrSH92lIKZvLyG,3.61159,47.0,22.6,1644785225.0
-MvopjiYfhbauiEGAcmB,3.5085800000000003,47.0,22.6,1644785236.0
-Mvopm6IIsVfqy-h1_jQ,3.61856,47.0,22.6,1644785246.0
-MvopoYnRRzMrlFlXKwG,3.54942,46.0,22.6,1644785256.0
-MvopqzqrWdpqsOB1QEh,3.57691,46.0,22.5,1644785266.0
-MvoptRJh7DWBUjo4exO,3.54942,46.0,22.4,1644785276.0
-MvopvsH4DFRxX2S_g_B,3.57691,46.0,22.3,1644785286.0
-MvopyQM5-rfV-7CWPCb,3.42171,45.0,22.3,1644785296.0
-Mvoq-kzUOG1JbwstRJa,3.50181,45.0,22.2,1644785306.0
-Mvoq2C9jj0V2pRPBm22,3.5085800000000003,45.0,22.2,1644785316.0
-Mvoq4dONreD7nBwUWXO,3.5085800000000003,45.0,22.1,1644785326.0
-Mvoq74j1sllitdDQyjS,3.5085800000000003,46.0,22.1,1644785336.0
-Mvoq9WtLlhDJ8oh8YEc,3.53575,46.0,22.0,1644785346.0
-MvoqCV3hsIrL6koSjsJ,3.43493,46.0,22.0,1644785357.0
-MvoqEPSEjaJvmqkryNC,3.52894,46.0,21.9,1644785365.0
-MvoqGqjaJf9y3vef-WZ,3.50181,46.0,21.9,1644785375.0
-MvoqJHuZlGwUBnQkb3c,3.5221400000000003,46.0,21.9,1644785385.0
-MvoqLjDcF2zmPnJYsac,3.5221400000000003,46.0,21.8,1644785395.0
-MvoqOAWnwpZyDW4Zbo7,3.5221400000000003,46.0,21.8,1644785405.0
-MvoqQbkqkuj3uyY6vS1,3.52894,46.0,21.8,1644785415.0
-MvoqT8oipIpgs_IQPXI,3.44821,46.0,21.7,1644785426.0
-MvoqVVI6nMXMBMBpefS,3.50181,46.0,21.7,1644785436.0
-MvoqXxyPspwjh0pAvBO,3.5085800000000003,46.0,21.7,1644785446.0
-Mvoq_Nm9767PR35l7oR,3.50181,46.0,21.6,1644785456.0
-Mvoqbp2lLzgPRh0UU7x,3.48833,46.0,21.6,1644785466.0
-MvoqeGH-4K3a4ZND4vP,3.46821,46.0,21.6,1644785476.0
-Mvoqgllo3kmlF38zNdH,3.44156,47.0,21.6,1644785486.0
-Mvoqj8xsAkLghZLzAPp,3.47491,47.0,21.6,1644785496.0
-Mvoqla5lO_ixyUR5gnY,3.45486,47.0,21.6,1644785506.0
-Mvoqo1QTMxkJshpyh20,3.24195,47.0,21.6,1644785516.0
-MvoqqTcPfd3GyaYFCJc,3.44821,47.0,21.6,1644785526.0
-MvoqsuupjIeyAr_L3UW,3.46153,47.0,21.6,1644785536.0
-MvoqvcbuOWZpoC9xmCu,3.22948,47.0,21.5,1644785546.0
-MvoqxnX5UqL-k2uFt3k,3.46153,47.0,21.5,1644785556.0
-Mvor-EqrYOr8UsQyvYn,3.42171,47.0,21.5,1644785566.0
-Mvor1fzBvdWf9GgpkKh,3.41512,47.0,21.5,1644785576.0
-Mvor47GPgf5wkqCb-kt,3.37585,47.0,21.5,1644785586.0
-Mvor6ZS9p6tnmNZysDV,3.39543,47.0,21.5,1644785596.0
-Mvor95_qm9KIT7w6ao-,3.20469,47.0,21.5,1644785606.0
-MvorBS-u-Z3925mtUUt,3.34992,47.0,21.5,1644785615.0
-MvorDtNa8uR0WLJNVx8,3.3306,47.0,21.5,1644785625.0
-MvorGKXi9-Ok34wNFLe,3.33703,47.0,21.5,1644785635.0
-MvorIm2PpBFgdJCCsid,3.34347,47.0,21.5,1644785645.0
-MvorLD2g_FMy_CP-aUo,3.34347,47.0,21.5,1644785655.0
-MvorNeN5lFAvadPGsXe,3.30502,47.0,21.5,1644785665.0
-MvorQC-8cZa9zfSl2AX,3.14355,47.0,21.4,1644785676.0
-MvorSXv2kSQGl6vdP1N,3.3114,47.0,21.4,1644785686.0
-MvorUz4JWY-12dx85jq,3.1985200000000003,47.0,21.4,1644785696.0
-MvorXQSI_ukz5HhM3TX,3.29231,47.0,21.5,1644785706.0
-MvorZrgx2U_qX54eYE6,3.29231,47.0,21.4,1644785716.0
-MvorbJ54N4AY9cg5U-U,3.29231,47.0,21.4,1644785726.0
-Mvore3VDiDDWGCjz4V5,3.21706,47.0,21.5,1644785736.0
-MvorgBTWGA1agwXWvUJ,3.28597,47.0,21.4,1644785746.0
-MvorichGRw21PEMrb-v,3.27965,47.0,21.4,1644785756.0
-Mvorl405uuZOeS6YIiQ,3.26074,47.0,21.4,1644785766.0
-MvornWDi6OCC21OJPD0,3.27334,47.0,21.4,1644785776.0
-MvorpxSFJdOrGokm1YF,3.26074,47.0,21.4,1644785786.0
-MvorsSWENR_0rd9rfkN,3.13146,47.0,21.4,1644785796.0
-Mvoruq3st76yHmHCF9U,3.3114,47.0,21.4,1644785806.0
-MvorxHJ4JbgZgsw6OFX,3.30502,47.0,21.4,1644785816.0
-MvorziZ7wbcEYgpZjuw,3.29231,47.0,21.4,1644785826.0
-Mvos19puj5kW1ICQIs1,3.27965,47.0,21.4,1644785836.0
-Mvos3b56uab3S7cpakh,3.29866,47.0,21.4,1644785846.0
-Mvos68wlQST2s6MR3f7,3.13146,47.0,21.5,1644785856.0
-Mvos8UbQ0-ZyoVI0jYw,3.29231,47.0,21.5,1644785866.0
-MvosAvtrP7_VEw3OQMl,3.27334,47.0,21.5,1644785876.0
-MvosDNJlQTUZBQosyjP,3.29866,47.0,21.5,1644785886.0
-MvosFoaenArHV-FOZ29,3.27965,47.0,21.5,1644785896.0
-MvosIFvIfQGdYaZCJuX,3.27965,47.0,21.5,1644785906.0
-MvosL09u8e-hvUge-qV,3.20469,47.0,21.5,1644785916.0
-MvosN8IwSiSuvrzIaeh,3.26703,47.0,21.5,1644785926.0
-MvosP_SzVc4O_iE33YU,3.10743,47.0,21.5,1644785936.0
-MvosS0disQRFP-lnHX-,3.25446,47.0,21.5,1644785946.0
-MvosUTA0pesrRLb_J0x,3.26703,47.0,21.5,1644785956.0
-MvosWuEYLRCyG8-s9a9,3.26074,47.0,21.5,1644785966.0
-MvosZOuDgZ9LnMhz01l,3.18622,47.0,21.5,1644785976.0
-MvosamlVOTCWsURr9Yu,3.27334,47.0,21.5,1644785985.0
-MvosdEOxdnNLKZCvB2r,3.28597,47.0,21.5,1644785995.0
-MvosffC07P1QmOOpMGH,3.27965,47.0,21.5,1644786005.0
-Mvosi6_49hXFbX-VXtk,3.27334,47.0,21.5,1644786015.0
-MvoskYvAMtsEHrMkivL,3.29231,47.0,21.5,1644786025.0
-Mvosn--Sk4-yPRyVpIC,3.40198,47.0,21.5,1644786035.0
-MvospVDGJcMHgK-rqKH,3.29231,47.0,21.5,1644786046.0
-MvosrsfkRk4pQOv6RSe,3.43493,47.0,21.5,1644786056.0
-MvosuK1igjmtJfeD_D9,3.4283200000000003,47.0,21.5,1644786066.0
-Mvoswl643F3duOtlhdm,3.3306,47.0,21.5,1644786076.0
-MvoszCbh7wfeof65mPk,3.39543,47.0,21.6,1644786086.0
-Mvot0dm7BhavO1r8Vk2,3.4283200000000003,47.0,21.6,1644786096.0
-Mvot3QRTT6I3a8mxuW6,3.31779,47.0,21.6,1644786106.0
-Mvot5cZ26pau-wYMgtM,3.36935,47.0,21.6,1644786116.0
-Mvot7yMVwfbxhP5SWwp,3.40198,47.0,21.5,1644786126.0
-MvotAPiUNq6OpOVXV81,3.34992,47.0,21.6,1644786136.0
-MvotCqq1FAJaBsqm2UI,3.35638,47.0,21.6,1644786146.0
-MvotFIC4IcWj89vI0hm,3.36286,47.0,21.6,1644786156.0
-MvotHoykHZRC9gm7cco,3.18009,47.0,21.6,1644786166.0
-MvotKAgdkNGuUPJxcDQ,3.35638,47.0,21.6,1644786176.0
-MvotMbxBijFXFhEKRHj,3.3306,47.0,21.5,1644786186.0
-MvotP3KeT3l3nYpwRXK,3.36935,47.0,21.5,1644786196.0
-MvotRVVWKH24tPmBiMK,3.34347,47.0,21.6,1644786206.0
-MvotTwivZPS2fIy-_sS,3.34992,47.0,21.6,1644786216.0
-MvotWRwa1_Az2TqBZ8I,3.20469,47.0,21.6,1644786226.0
-MvotYpQx17aH5e05B0f,3.34347,47.0,21.6,1644786236.0
-MvotaGbF3LJwNE6voX_,3.31779,47.0,21.6,1644786246.0
-MvotchlBFu696YB2lP1,3.29866,47.0,21.6,1644786256.0
-Mvotf94m0IJBpn-eQEV,3.29866,47.0,21.6,1644786266.0
-MvothaekH6XbcrJ5fN2,3.17397,47.0,21.6,1644786276.0
-MvotkOjQspOTbyLgTiA,3.16176,47.0,21.6,1644786286.0
-MvotmTrZ6zPeFdaqOUI,3.31779,47.0,21.6,1644786296.0
-Mvotov6LQxB0hgy9uXg,3.30502,47.0,21.6,1644786306.0
-MvotrMNNcnpwkgssjkp,3.3306,47.0,21.6,1644786316.0
-Mvottnk2GNveqtowKeg,3.30502,47.0,21.6,1644786326.0
-MvotwEzFi3f-9VCWLoi,3.30502,47.0,21.6,1644786336.0
-MvotyliXEWvyfRkjkxr,3.11942,47.0,21.6,1644786346.0
-Mvou07a5nIcEwZekN6V,3.32419,47.0,21.6,1644786356.0
-Mvou2ZmUwxhiNwo2Tss,3.3114,47.0,21.6,1644786366.0
-Mvou50INClBCcCJ3-yf,3.30502,47.0,21.6,1644786376.0
-Mvou7SJvqWW3GIq7G2o,3.30502,47.0,21.6,1644786386.0
-Mvou9tez0et__6IDLn9,3.27965,47.0,21.6,1644786396.0
-MvouCOwg4YZPcn6QSWO,3.12544,47.0,21.6,1644786406.0
-MvouEm6Rs_UYpCfUIKc,3.27965,47.0,21.6,1644786416.0
-MvouHDML_664kVrIJ4L,3.27334,47.0,21.6,1644786426.0
-MvouJedht4cgtY08iVh,3.22948,47.0,21.6,1644786436.0
-MvouM5rIZH21o-Wez9u,3.22326,47.0,21.6,1644786446.0
-MvouOYFL320jnxaGicA,3.14355,47.0,21.6,1644786456.0
-MvouR2GJrCJtgl77AoA,3.08358,47.0,21.6,1644786466.0
-MvouTeSQ0HDDN4Cvub-,3.20469,47.0,21.6,1644786476.0
-MvouVrpRLDB83fJyaKd,3.27334,47.0,21.6,1644786486.0
-MvouYJGs9lVcJUPcfFa,3.16176,47.0,21.6,1644786496.0
-Mvou_kRjgdyRAIIbQwR,3.2482,47.0,21.7,1644786506.0
-MvoucBc8wTcbs7VJG7J,3.25446,47.0,21.6,1644786516.0
-MvouekGkPWZja_oos8N,3.17397,47.0,21.6,1644786526.0
-Mvouh4GvmORAQ0r_g2C,3.24195,47.0,21.6,1644786535.0
-MvoujWW87U8WAQfGZS0,3.26074,47.0,21.6,1644786545.0
-MvoulxgHZHfH3bN5Gq0,3.23571,47.0,21.6,1644786555.0
-MvouoPDFNU8s3MwRm85,3.27965,47.0,21.6,1644786565.0
-MvouqqHPiCtsTZ3KI_J,3.27965,47.0,21.6,1644786575.0
-MvoutHQMy15DGIriCGu,3.26074,47.0,21.6,1644786585.0
-MvouvovkDFoiAdI-0EG,3.10743,47.0,21.6,1644786596.0
-MvouyAALU29j2bosAmH,3.29231,47.0,21.6,1644786606.0
-Mvov-bPklZoIrakBfcR,3.27965,47.0,21.6,1644786616.0
-Mvov24xbcRcqXQHXxAZ,3.2482,47.0,21.6,1644786626.0
-Mvov4UpFWmIaRCe2Kub,3.27334,47.0,21.6,1644786636.0
-Mvov6wQuaZwueUmL4Ei,3.22948,47.0,21.6,1644786646.0
-Mvov9gJb7NIKYUMbIxN,3.08358,47.0,21.6,1644786656.0
-MvovBodK2D40ZpBR0Al,3.1985200000000003,47.0,21.6,1644786666.0
-MvovEFnbugLPYE3kMKE,3.21087,47.0,21.6,1644786676.0
-MvovGhNkK8XQI_w8uEh,3.21087,47.0,21.6,1644786686.0
-MvovJ8XnHjT48--l4RH,3.20469,47.0,21.6,1644786696.0
-MvovL_maiO6_jJntuAT,3.17397,47.0,21.6,1644786706.0
-MvovO5mH7QYCOIkVfaZ,3.17397,47.0,21.6,1644786716.0
-MvovQT9y9970b8-Z2-A,3.2482,47.0,21.6,1644786725.0
-MvovSuRhFNVVarMb9mp,3.25446,47.0,21.6,1644786735.0
-MvovVLgJLfkRzjYW-k8,3.22948,47.0,21.6,1644786745.0
-MvovXmwJz7MJVxbe7cn,3.1985200000000003,47.0,21.6,1644786755.0
-Mvov_EIuNlgbdQ_G2uB,3.22326,47.0,21.6,1644786765.0
-MvovbfPQ4S0Gn4EwgMS,3.22326,47.0,21.6,1644786775.0
-MvoveAMvOKBFQL84rMX,3.16786,47.0,21.6,1644786786.0
-MvovgYyP2GzSIQhlw4I,3.16176,47.0,21.6,1644786796.0
-Mvovj-HrO48t2HWO5QO,3.0954800000000002,47.0,21.6,1644786806.0
-MvovlRUezldXGzbMztG,3.13146,47.0,21.6,1644786816.0
-Mvovnt4R16Tysw5yDnG,3.11342,47.0,21.6,1644786826.0
-MvovqK8yd5UAaiB1fZw,3.15568,47.0,21.6,1644786836.0
-Mvovt9Ec_q_ubEfF66Y,3.04816,47.0,21.6,1644786846.0
-MvovvCaTjzsUzl39SgM,3.15568,47.0,21.6,1644786856.0
-Mvovxdoad6y7wSNdLE-,3.13146,47.0,21.6,1644786866.0
-Mvow-561QbceRZXaiK1,3.14355,47.0,21.6,1644786876.0
-Mvow1XRwXOJYxREEHj1,3.15568,47.0,21.6,1644786886.0
-Mvow3yqgqZ8UWIPFn8h,3.12544,47.0,21.6,1644786896.0
-Mvow6V4FezVVF-Z4vn0,3.00735,47.0,21.6,1644786906.0
-Mvow8r9zBLSelraKML-,3.10145,47.0,21.6,1644786916.0
-MvowBIRMAh8NMxBbUYv,3.11342,47.0,21.6,1644786926.0
-MvowDjqRcbyYiDTVdET,3.10145,47.0,21.6,1644786936.0
-MvowGB1rg5oFJNs79cV,3.11342,47.0,21.6,1644786946.0
-MvowIc9G8Y47PwjXPqn,3.03645,47.0,21.7,1644786956.0
-MvowL7LJXMbHm4-vMRw,2.98428,47.0,21.6,1644786966.0
-MvowNVtqIfYpBIT8d_c,3.12544,47.0,21.6,1644786976.0
-MvowPxHynHNq6MbIrkX,3.10145,47.0,21.6,1644786986.0
-MvowSONRLngSEB_8D7d,3.11942,47.0,21.6,1644786996.0
-MvowUpYQYgveQvaemIz,3.12544,47.0,21.6,1644787006.0
-MvowXGkKgL0ZdH0Ihiq,3.0423,47.0,21.6,1644787016.0
-Mvow_RTO7Gpj0cUqc0c,3.14355,47.0,21.6,1644787026.0
-Mvowb9MHtlU_Q9rrC1r,3.13146,47.0,21.6,1644787036.0
-Mvowda_HoEmKxULHxph,3.11942,47.0,21.6,1644787046.0
-Mvowg1vahfp6ol7WOPP,3.11942,47.0,21.6,1644787056.0
-MvowiUF_AgvNRe8rIms,3.11342,47.0,21.6,1644787066.0
-MvowkvTpGyfsm6ldMy5,3.05992,47.0,21.6,1644787076.0
-MvownRv4WDhvNnRwTIs,3.05992,47.0,21.6,1644787086.0
-MvowpnpnqP9_uZY3ctq,3.10743,47.0,21.6,1644787096.0
-MvowsFBMrJz0L0VJr3t,3.0954800000000002,47.0,21.6,1644787106.0
-MvowugWvrsdYwyUlG98,3.12544,47.0,21.6,1644787116.0
-Mvowx7f9hfBW6GVXQjx,3.12544,47.0,21.6,1644787126.0
-Mvowz_0xp7GhYiouWfT,3.04816,47.0,21.7,1644787136.0
-Mvox141KMmKyiSfXg7L,3.04816,47.0,21.6,1644787146.0
-Mvox3SVG2hCQiAqHvNp,3.13146,47.0,21.6,1644787156.0
-Mvox5tgOAOiotOyTaXe,3.11942,47.0,21.6,1644787166.0
-Mvox8KxjtqkE4m4u-sZ,3.04816,47.0,21.6,1644787176.0
-MvoxAmUFI0swKJwPhn8,3.10145,47.0,21.6,1644787186.0
-MvoxDDc7waKIhEWQzDM,3.05404,47.0,21.6,1644787196.0
-MvoxFltZDB5WANPkHcv,2.54381,47.0,21.6,1644787206.0
-MvoxIK_k2xbP2w7198f,3.10743,47.0,21.7,1644787216.0
-MvoxKYIFHbs80vYMN-M,3.0954800000000002,47.0,21.6,1644787226.0
-MvoxMzgMV5yWOZO1WQq,3.0954800000000002,47.0,21.6,1644787236.0
-MvoxPQo4NEJtQPuGA5D,3.0954800000000002,47.0,21.6,1644787246.0
-MvoxRrwtXB_1YenJAjs,3.03061,47.0,21.6,1644787256.0
-MvoxUQNMc5JinnI0rzq,2.99003,47.0,21.6,1644787266.0
-MvoxWkjYQYuqWB511QE,3.0954800000000002,47.0,21.6,1644787275.0
-MvoxZBrKjNBZlfg6zli,3.10145,47.0,21.6,1644787285.0
-Mvoxad5bZ8dDVy8-Q20,3.0954800000000002,47.0,21.6,1644787295.0
-Mvoxd4KqeDssT6YLe05,3.10145,47.0,21.6,1644787305.0
-MvoxfWnTSTFKuziHWL-,3.03061,47.0,21.6,1644787315.0
-Mvoxhy27mrv3RkCrBjj,3.0954800000000002,47.0,21.6,1644787325.0
-MvoxkVF7XigP2hEk-eI,2.93868,47.0,21.6,1644787336.0
-MvoxmqNA2WQcBCporuA,3.0954800000000002,47.0,21.6,1644787346.0
-MvoxpHg2v9OfqJaAtS9,3.08358,47.0,21.6,1644787356.0
-MvoxrivZiGw23bKDJ5k,3.0954800000000002,47.0,21.6,1644787366.0
-MvoxuAMAzcXIbEE3usj,2.42441,47.0,21.6,1644787376.0
-MvoxwbUrHaL32lO_u9V,3.08953,47.0,21.6,1644787386.0
-MvoxzMoNrWSqAi3jVHu,2.93303,47.0,21.6,1644787396.0
-Mvoy0Uyd8qFEFMW8g3t,3.08358,47.0,21.6,1644787406.0
-Mvoy2wCUTU23EuxdWUN,3.00157,47.0,21.6,1644787416.0
-Mvoy5N_Up00Tst_RflL,3.00735,47.0,21.6,1644787426.0
-Mvoy7ovzs8eHUdflZCL,2.9049300000000002,47.0,21.6,1644787436.0
-MvoyAGB7tZwlPzyI8hQ,3.03645,47.0,21.6,1644787446.0
-MvoyDGnVfz4Uov_GzHf,2.88821,47.0,21.6,1644787458.0
-MvoyF8m2N0_Ti-IWrij,3.00735,47.0,21.6,1644787465.0
-MvoyH_ypd8WxvaKn5mU,3.0423,47.0,21.6,1644787475.0
-MvoyK19_PLzDe0fQeAe,2.98428,47.0,21.6,1644787485.0
-MvoyMTQDOuY4rTRC5Ya,2.89935,47.0,21.6,1644787495.0
-MvoyOuqew4Jsz1veQEQ,2.98428,47.0,21.6,1644787505.0
-MvoyRM7gOOm2zHV023A,3.00735,47.0,21.6,1644787515.0
-MvoyU8rzZO3dPqX22EX,2.88266,47.0,21.6,1644787527.0
-MvoyWEvoWg_3gJA-1mX,3.01315,47.0,21.6,1644787535.0
-MvoyYg3H-JyXJ9IeQd6,3.02477,47.0,21.6,1644787545.0
-Mvoya75iZv9Irdztmqr,2.89935,47.0,21.6,1644787555.0
-MvoycZJovTT--xi_IaJ,3.01896,47.0,21.6,1644787565.0
-Mvoyf-duW4A9UNcLRjo,2.98428,47.0,21.6,1644787575.0
-MvoyhfMUTE4IRa6_4pm,3.01315,47.0,21.6,1644787585.0
-MvoyjxDNFnG4pWPJn4b,2.89935,47.0,21.7,1644787596.0
-MvoymKStguKlZGsRmxG,2.9958,47.0,21.7,1644787606.0
-Mvoyolnk9_wYDpvW51t,2.89377,47.0,21.6,1644787616.0
-MvoyrCxUJiQdg7W-6d-,3.00157,47.0,21.6,1644787626.0
-Mvoyte1YTpukenzEWQk,3.00735,47.0,21.6,1644787636.0
-Mvoyw5JMyKlX8es1Fgn,2.98428,47.0,21.6,1644787646.0
-MvoyydnP8y6gNJLcyQ6,2.92176,47.0,21.6,1644787656.0
-Mvoz-z2kU987tpuDDpp,3.01315,47.0,21.7,1644787666.0
-Mvoz2QN7D8u21qVM2Ar,2.88821,47.0,21.7,1644787676.0
-Mvoz4rf-hDcUki-VEg5,2.97282,47.0,21.7,1644787686.0
-Mvoz7IcLSwuh4SWkFVA,2.9500100000000002,47.0,21.7,1644787696.0
-Mvoz9jrPdvxzRQLmhNr,2.97854,47.0,21.7,1644787706.0
-MvozCVH_Op1vZ-s2ylv,2.92176,47.0,21.7,1644787717.0
-MvozEcLLRmL6L1TiCIb,2.97854,47.0,21.7,1644787725.0
-MvozH3ipUWFw-WonOw0,2.8331600000000003,47.0,21.7,1644787735.0
-MvozJVu3BddkEnYpSIX,2.9671000000000003,47.0,21.7,1644787745.0
-MvozLxDSTrQoGCKzxC4,2.97854,47.0,21.7,1644787755.0
-MvozOcTjKdbmL-Yp5fM,2.98428,47.0,21.7,1644787765.0
-MvozQq5gOK9uvNpjajW,2.9958,47.0,21.7,1644787775.0
